title,artist,genre,year,salesPoint,category,country,currency,previewUrl,artworkUrl,trackViewUrl
Hype Boy,뉴진스,KPOP,2022,0,music,KOR,KRW,https://audio-ssl.itunes.apple.com/itunes-assets/AudioPreview211/v4/85/f3/08/85f30899-e93c-35e2-4742-df57fc2d3552/mzaf_14134842621180071043.plus.aac.p.m4a,https://is1-ssl.mzstatic.com/image/thumb/Music112/v4/4e/64/34/4e64344b-3ac6-c503-2c41-257a15401416/192641873096_Cover.jpg/100x100bb.jpg,https://music.apple.com/kr/album/hype-boy/1635469682?i=1635469851&uo=4
404 (New Era),키키,KPOP,2026,0,music,KOR,KRW,https://audio-ssl.itunes.apple.com/itunes-assets/AudioPreview221/v4/a8/b6/87/a8b687ed-860d-5da9-f9d5-02dc94e98516/mzaf_17275371173713193127.plus.aac.p.m4a,https://is1-ssl.mzstatic.com/image/thumb/Music221/v4/1b/43/f5/1b43f5d0-0a3b-d1e1-bc0a-e572e92e0455/199806885123.jpg/100x100bb.jpg,https://music.apple.com/kr/album/404-new-era/1868617345?i=1868617347&uo=4
RUDE!,Hearts2Hearts,KPOP,2026,0,music,KOR,KRW,https://audio-ssl.itunes.apple.com/itunes-assets/AudioPreview221/v4/01/3c/36/013c3684-7121-8f9f-6eb5-00b610ac055c/mzaf_16203782190977593201.plus.aac.p.m4a,https://is1-ssl.mzstatic.com/image/thumb/Music221/v4/78/b9/fb/78b9fb30-169a-eab0-38e9-8df725f8f2d6/888735954603.png/100x100bb.jpg,https://music.apple.com/kr/album/rude/1875146814?i=1875146815&uo=4
Drowning,WOODZ,KPOP,2023,0,music,KOR,KRW,https://audio-ssl.itunes.apple.com/itunes-assets/AudioPreview126/v4/0f/d8/6f/0fd86fd4-67e1-819e-011e-6dfbb35c543f/mzaf_1219313157550046379.plus.aac.p.m4a,https://is1-ssl.mzstatic.com/image/thumb/Music116/v4/07/91/0d/07910df6-5ab5-0867-3be5-900cf9d11018/cover_KM0016894_1.jpg/100x100bb.jpg,https://music.apple.com/kr/album/drowning/1683448653?i=1683448656&uo=4
LOVE DIVE,아이브,KPOP,2022,0,music,KOR,KRW,https://audio-ssl.itunes.apple.com/itunes-assets/AudioPreview211/v4/b1/71/d4/b171d4a4-0446-b7d6-d778-7de6ee31f779/mzaf_13755854455583478875.plus.aac.p.m4a,https://is1-ssl.mzstatic.com/image/thumb/Music112/v4/67/f8/16/67f8164a-bfc2-f29b-e241-800426a968ef/cover_KM0015013_1.jpg/100x100bb.jpg,https://music.apple.com/kr/album/love-dive/1616804151?i=1616804152&uo=4
한 페이지가 될 수 있게,데이식스,KPOP,2019,0,music,KOR,KRW,https://audio-ssl.itunes.apple.com/itunes-assets/AudioPreview115/v4/79/19/be/7919be5a-969d-0e3b-df54-71592942d13f/mzaf_767193238431796792.plus.aac.p.m4a,https://is1-ssl.mzstatic.com/image/thumb/Music124/v4/b3/8f/9d/b38f9d23-d5c3-cde5-92ad-9a8fa6d0a7eb/DAY6_The_Book_of_Us_Gravity_3000x3000.jpg/100x100bb.jpg,https://music.apple.com/kr/album/%ED%95%9C-%ED%8E%98%EC%9D%B4%EC%A7%80%EA%B0%80-%EB%90%A0-%EC%88%98-%EC%9E%88%EA%B2%8C/1471938394?i=1471938396&uo=4
Cookie,뉴진스,KPOP,2022,0,music,KOR,KRW,https://audio-ssl.itunes.apple.com/itunes-assets/AudioPreview211/v4/e5/7b/b0/e57bb09d-52c7-4fbd-1cd4-34c5bf3191fd/mzaf_15060284439168925693.plus.aac.p.m4a,https://is1-ssl.mzstatic.com/image/thumb/Music112/v4/4e/64/34/4e64344b-3ac6-c503-2c41-257a15401416/192641873096_Cover.jpg/100x100bb.jpg,https://music.apple.com/kr/album/cookie/1635469682?i=1635469854&uo=4
Next Level,aespa,KPOP,2021,0,music,KOR,KRW,https://audio-ssl.itunes.apple.com/itunes-assets/AudioPreview115/v4/43/1e/0a/431e0a24-2c04-e738-2632-87462a20984d/mzaf_3158159453623406671.plus.aac.p.m4a,https://is1-ssl.mzstatic.com/image/thumb/Music125/v4/60/8d/ac/608dacc2-d6d6-462d-26f0-d693e4364751/artwork.jpg/100x100bb.jpg,https://music.apple.com/kr/album/next-level/1567326687?i=1567326688&uo=4
Bye Bye My Blue,백예린,KPOP,2016,0,music,KOR,KRW,https://audio-ssl.itunes.apple.com/itunes-assets/AudioPreview115/v4/c0/ec/07/c0ec07fb-3fc8-361b-aa3d-64ada14923cd/mzaf_1814773403894407249.plus.aac.p.m4a,https://is1-ssl.mzstatic.com/image/thumb/Music125/v4/d3/3b/6d/d33b6d23-795d-2b29-89fe-88170cbfbf4d/online_cover.jpg/100x100bb.jpg,https://music.apple.com/kr/album/bye-bye-my-blue/1125890995?i=1125891115&uo=4
Armageddon,aespa,KPOP,2024,0,music,KOR,KRW,https://audio-ssl.itunes.apple.com/itunes-assets/AudioPreview221/v4/f1/d9/40/f1d9406f-b253-80b0-fbf6-72c2dc02576e/mzaf_7682160531840108387.plus.aac.p.m4a,https://is1-ssl.mzstatic.com/image/thumb/Music211/v4/cf/97/05/cf970525-a2fd-a7e3-2812-0f9c3f3d2c33/888735947551.png/100x100bb.jpg,https://music.apple.com/kr/album/armageddon/1745285216?i=1745285228&uo=4
Drama,aespa,KPOP,2023,0,music,KOR,KRW,https://audio-ssl.itunes.apple.com/itunes-assets/AudioPreview221/v4/1f/dc/9b/1fdc9b25-04dd-515c-b5da-8dc132ed39b6/mzaf_5682330302212897053.plus.aac.p.m4a,https://is1-ssl.mzstatic.com/image/thumb/Music116/v4/f7/f0/5c/f7f05ce4-e5a4-900d-e087-1dd9668b2b34/888735945939.jpg/100x100bb.jpg,https://music.apple.com/kr/album/drama/1715939930?i=1715939931&uo=4
How Sweet,뉴진스,KPOP,2024,0,music,KOR,KRW,https://audio-ssl.itunes.apple.com/itunes-assets/AudioPreview211/v4/4d/f8/ec/4df8ec06-579b-0b92-1c4d-d8714cc5d1bc/mzaf_8361635933595309894.plus.aac.p.m4a,https://is1-ssl.mzstatic.com/image/thumb/Music221/v4/bf/68/ca/bf68ca64-4acd-543f-bc78-455f11f06105/196922889738_Cover.jpg/100x100bb.jpg,https://music.apple.com/kr/album/how-sweet/1744448415?i=1744448416&uo=4
REDRED,코르티스,KPOP,2026,0,music,KOR,KRW,https://audio-ssl.itunes.apple.com/itunes-assets/AudioPreview221/v4/b9/a9/23/b9a92352-f4a2-fd4e-c2de-4985bc38133c/mzaf_7598194542973128311.plus.aac.p.m4a,https://is1-ssl.mzstatic.com/image/thumb/Music221/v4/9b/5f/47/9b5f4711-dc78-2dea-6721-d06709ea5121/198704992810_Cover.jpg/100x100bb.jpg,https://music.apple.com/kr/album/redred/1887671065?i=1887671067&uo=4
Golden,"HUNTR/X, EJAE, AUDREY NUNA, REI AMI & KPop Demon Hunters Cast",KPOP,2025,0,music,KOR,KRW,https://audio-ssl.itunes.apple.com/itunes-assets/AudioPreview221/v4/4a/9d/a1/4a9da1c4-096f-8f45-4a3b-c883c45ca451/mzaf_3059921854949935161.plus.aac.p.m4a,https://is1-ssl.mzstatic.com/image/thumb/Music211/v4/e1/15/42/e1154273-8ecd-5702-e6e6-597f28001681/25UMGIM82363.rgb.jpg/100x100bb.jpg,https://music.apple.com/kr/album/golden/1820264137?i=1820264150&uo=4
toxic till the end,로제,KPOP,2024,0,music,KOR,KRW,https://audio-ssl.itunes.apple.com/itunes-assets/AudioPreview221/v4/6f/bd/d8/6fbdd87e-c958-74d6-3215-633bcc550654/mzaf_17183830555505448544.plus.aac.p.m4a,https://is1-ssl.mzstatic.com/image/thumb/Music211/v4/4d/cb/54/4dcb5453-7493-cd68-81f8-fc7ae28101ce/8800287299416_cover.jpg/100x100bb.jpg,https://music.apple.com/kr/album/toxic-till-the-end/1783280221?i=1783280225&uo=4
ELEVEN,아이브,KPOP,2021,0,music,KOR,KRW,https://audio-ssl.itunes.apple.com/itunes-assets/AudioPreview211/v4/8e/03/cb/8e03cbac-abc9-248c-a739-d01ccde2540b/mzaf_4435610194734657545.plus.aac.p.m4a,https://is1-ssl.mzstatic.com/image/thumb/Music116/v4/d3/63/4a/d3634a37-8dd2-8fc6-d138-895b3d237611/IVE_OnlineCover_fix.jpg/100x100bb.jpg,https://music.apple.com/kr/album/eleven/1597404250?i=1597404252&uo=4
APT.,로제 & Bruno Mars,KPOP,2024,0,music,KOR,KRW,https://audio-ssl.itunes.apple.com/itunes-assets/AudioPreview211/v4/95/79/f5/9579f50e-ac47-1e43-acab-d422cbe17a21/mzaf_12002777810095615569.plus.aac.p.m4a,https://is1-ssl.mzstatic.com/image/thumb/Music221/v4/d8/3c/e4/d83ce45f-3d8c-ba71-aaec-a98e8eeabe7d/075679628138_cover.jpg/100x100bb.jpg,https://music.apple.com/kr/album/apt/1773917063?i=1773917064&uo=4
It's Me,아일릿,KPOP,2026,0,music,KOR,KRW,https://audio-ssl.itunes.apple.com/itunes-assets/AudioPreview221/v4/08/ae/11/08ae11aa-40b1-231d-4013-12ca6de70701/mzaf_12606446026212796138.plus.aac.p.m4a,https://is1-ssl.mzstatic.com/image/thumb/Music211/v4/db/56/04/db5604ab-c7f4-b982-8c76-98ee766ac294/823375069195_Cover.jpg/100x100bb.jpg,https://music.apple.com/kr/album/its-me/1887194024?i=1887194026&uo=4
첫 만남은 계획대로 되지 않아,투어스,KPOP,2024,0,music,KOR,KRW,https://audio-ssl.itunes.apple.com/itunes-assets/AudioPreview211/v4/ac/8d/97/ac8d9717-2bbf-b1bf-b2e9-476feea6a480/mzaf_11615065500455071115.plus.aac.p.m4a,https://is1-ssl.mzstatic.com/image/thumb/Music211/v4/17/bb/d4/17bbd45f-fee7-a9dd-ff01-e7b174cc1462/196922759543_Cover.jpg/100x100bb.jpg,https://music.apple.com/kr/album/%EC%B2%AB-%EB%A7%8C%EB%82%A8%EC%9D%80-%EA%B3%84%ED%9A%8D%EB%8C%80%EB%A1%9C-%EB%90%98%EC%A7%80-%EC%95%8A%EC%95%84/1723932647?i=1723932648&uo=4
마지막처럼,BLACKPINK,KPOP,2017,0,music,KOR,KRW,https://audio-ssl.itunes.apple.com/itunes-assets/AudioPreview125/v4/97/44/12/974412d8-624e-7a85-25b5-a4a0ac135299/mzaf_10160984043858145771.plus.aac.p.m4a,https://is1-ssl.mzstatic.com/image/thumb/Music124/v4/0b/d6/6e/0bd66efc-caba-41e0-7d84-c92e925b1d94/as_if_its_your_last.jpg/100x100bb.jpg,https://music.apple.com/kr/album/%EB%A7%88%EC%A7%80%EB%A7%89%EC%B2%98%EB%9F%BC/1251249729?i=1251249891&uo=4
거리에서,성시경,KPOP,2006,0,music,KOR,KRW,https://audio-ssl.itunes.apple.com/itunes-assets/AudioPreview125/v4/7f/cb/ae/7fcbae10-e463-ca59-2094-81cf875e199e/mzaf_3664734411788512450.plus.aac.p.m4a,https://is1-ssl.mzstatic.com/image/thumb/Music124/v4/21/7c/88/217c88ed-80bf-adfa-7cdf-a5c219daf9f7/8809784722939.jpg/100x100bb.jpg,https://music.apple.com/kr/album/%EA%B1%B0%EB%A6%AC%EC%97%90%EC%84%9C/1543850903?i=1543850904&uo=4
The Chase,Hearts2Hearts,KPOP,2025,0,music,KOR,KRW,https://audio-ssl.itunes.apple.com/itunes-assets/AudioPreview221/v4/9d/7f/fb/9d7ffbed-b702-647e-a591-58700fcb4eb8/mzaf_29771823375578786.plus.aac.p.m4a,https://is1-ssl.mzstatic.com/image/thumb/Music211/v4/2b/0e/e8/2b0ee80e-eae3-aff6-9ca7-01cf7a830c78/888735951398.png/100x100bb.jpg,https://music.apple.com/kr/album/the-chase/1796402197?i=1796402200&uo=4
빌려온 고양이 (Do the Dance),아일릿,KPOP,2025,0,music,KOR,KRW,https://audio-ssl.itunes.apple.com/itunes-assets/AudioPreview221/v4/1f/e4/ec/1fe4ec8d-0a55-5366-c3f7-47e820329d20/mzaf_901005315216648099.plus.aac.p.m4a,https://is1-ssl.mzstatic.com/image/thumb/Music221/v4/e4/bc/4d/e4bc4da3-0013-9949-8e54-0eede523f9d4/198704525001_Cover.jpg/100x100bb.jpg,https://music.apple.com/kr/album/%EB%B9%8C%EB%A0%A4%EC%98%A8-%EA%B3%A0%EC%96%91%EC%9D%B4-do-the-dance/1817427556?i=1817427565&uo=4
STYLE,Hearts2Hearts,KPOP,2025,0,music,KOR,KRW,https://audio-ssl.itunes.apple.com/itunes-assets/AudioPreview221/v4/7d/a5/22/7da52235-4936-089b-cca7-57b39bd57901/mzaf_16582803519496058674.plus.aac.p.m4a,https://is1-ssl.mzstatic.com/image/thumb/Music221/v4/05/f3/0b/05f30b30-22fb-3c21-c497-8fd8829f2004/888735952135.png/100x100bb.jpg,https://music.apple.com/kr/album/style/1819694545?i=1819694546&uo=4
TOMBOY,i-dle,KPOP,2022,0,music,KOR,KRW,https://audio-ssl.itunes.apple.com/itunes-assets/AudioPreview211/v4/b1/2d/68/b12d68cc-43c0-b624-e436-a37429949e11/mzaf_2502016916124139192.plus.aac.p.m4a,https://is1-ssl.mzstatic.com/image/thumb/Music116/v4/ce/04/82/ce0482db-b035-5eed-ee2e-23999b4b2051/cover_KM0014878_1.jpg/100x100bb.jpg,https://music.apple.com/kr/album/tomboy/1613139921?i=1613139922&uo=4
Lucky Girl Syndrome,아일릿,KPOP,2024,0,music,KOR,KRW,https://audio-ssl.itunes.apple.com/itunes-assets/AudioPreview211/v4/22/b7/4e/22b74e6f-8297-bcef-7a97-042fd80fb10e/mzaf_10835128423678862503.plus.aac.p.m4a,https://is1-ssl.mzstatic.com/image/thumb/Music122/v4/3e/49/1e/3e491e43-4961-21ab-2abe-37fb1c0feb40/196922879227_Cover.jpg/100x100bb.jpg,https://music.apple.com/kr/album/lucky-girl-syndrome/1734500886?i=1734501146&uo=4
ANTIFRAGILE,르세라핌,KPOP,2022,0,music,KOR,KRW,https://audio-ssl.itunes.apple.com/itunes-assets/AudioPreview211/v4/9c/5b/33/9c5b33cb-f6c0-1cf5-61c4-ac465bce2b7b/mzaf_16974808219393622487.plus.aac.p.m4a,https://is1-ssl.mzstatic.com/image/thumb/Music221/v4/c8/79/da/c879dadf-db1e-95a5-caf5-b18c7c81d2b6/192641874413_Cover.jpg/100x100bb.jpg,https://music.apple.com/kr/album/antifragile/1647830231?i=1647830390&uo=4
Feel My Rhythm,레드벨벳,KPOP,2022,0,music,KOR,KRW,https://audio-ssl.itunes.apple.com/itunes-assets/AudioPreview116/v4/d9/5b/93/d95b9377-349a-5048-bdec-0a178bdb9ca2/mzaf_377217071686787202.plus.aac.p.m4a,https://is1-ssl.mzstatic.com/image/thumb/Music126/v4/bc/ac/99/bcac9968-35ae-0cea-ce08-9eb11600532b/RV_Feel_My_Rhythm-Cover_4000x4000.jpg/100x100bb.jpg,https://music.apple.com/kr/album/feel-my-rhythm/1614179708?i=1614179710&uo=4
"이브, 프시케 그리고 푸른 수염의 아내",르세라핌,KPOP,2023,0,music,KOR,KRW,https://audio-ssl.itunes.apple.com/itunes-assets/AudioPreview116/v4/83/8c/c7/838cc7cc-e9e8-799d-e3db-16d893a08461/mzaf_1148336731883147937.plus.aac.p.m4a,https://is1-ssl.mzstatic.com/image/thumb/Music211/v4/27/13/c3/2713c389-4f01-b5e7-59f5-3204b37cb594/196922444470_Cover.jpg/100x100bb.jpg,https://music.apple.com/kr/album/%EC%9D%B4%EB%B8%8C-%ED%94%84%EC%8B%9C%EC%BC%80-%EA%B7%B8%EB%A6%AC%EA%B3%A0-%ED%91%B8%EB%A5%B8-%EC%88%98%EC%97%BC%EC%9D%98-%EC%95%84%EB%82%B4/1682502020?i=1682502483&uo=4
고민중독,QWER,KPOP,2024,0,music,KOR,KRW,https://audio-ssl.itunes.apple.com/itunes-assets/AudioPreview211/v4/ca/f2/aa/caf2aa58-40ef-8460-cf65-0f97848da839/mzaf_11004362433324424334.plus.aac.p.m4a,https://is1-ssl.mzstatic.com/image/thumb/Music221/v4/75/54/38/75543853-92c7-064c-fe26-2cbf5eecc6d8/cover_KM0019655_1.jpg/100x100bb.jpg,https://music.apple.com/kr/album/%EA%B3%A0%EB%AF%BC%EC%A4%91%EB%8F%85/1737366584?i=1737366585&uo=4
뻔한 발라드,BIG Naughty,발라드,2023,0,music,KOR,KRW,https://audio-ssl.itunes.apple.com/itunes-assets/AudioPreview116/v4/82/19/c4/8219c425-2849-9e19-25d4-ef8a35b8f426/mzaf_8853503981395777031.plus.aac.p.m4a,https://is1-ssl.mzstatic.com/image/thumb/Music126/v4/87/e2/38/87e2385a-9dfe-dbce-ad93-620d5bbc219b/8804775264771.jpg/100x100bb.jpg,https://music.apple.com/kr/album/%EB%BB%94%ED%95%9C-%EB%B0%9C%EB%9D%BC%EB%93%9C/1674117247?i=1674117250&uo=4
다시 사랑한다면,정승환,발라드,2025,0,music,KOR,KRW,https://audio-ssl.itunes.apple.com/itunes-assets/AudioPreview221/v4/0f/1b/ab/0f1babb4-3dee-4a1d-e377-52f9462ee46b/mzaf_6315545531750122673.plus.aac.p.m4a,https://is1-ssl.mzstatic.com/image/thumb/Music221/v4/f5/f0/fa/f5f0fa8b-0ad6-80ea-0a48-f7ff7308355d/cover_KM0023391_1.jpg/100x100bb.jpg,https://music.apple.com/kr/album/%EB%8B%A4%EC%8B%9C-%EC%82%AC%EB%9E%91%ED%95%9C%EB%8B%A4%EB%A9%B4/1837062982?i=1837062983&uo=4
"그 자리에, 그 시간에",이창섭,발라드,2025,0,music,KOR,KRW,https://audio-ssl.itunes.apple.com/itunes-assets/AudioPreview221/v4/b2/46/f2/b246f2f9-04c1-9a95-5f47-5041e7e30bdd/mzaf_1345093688019397462.plus.aac.p.m4a,https://is1-ssl.mzstatic.com/image/thumb/Music211/v4/a1/3c/54/a13c54f7-57e3-2204-5f29-4d6a5d5b7365/888272158052.jpg/100x100bb.jpg,https://music.apple.com/kr/album/%EA%B7%B8-%EC%9E%90%EB%A6%AC%EC%97%90-%EA%B7%B8-%EC%8B%9C%EA%B0%84%EC%97%90/1829394870?i=1829394871&uo=4
우리가 사랑한 모든 날들,전건호,발라드,2025,0,music,KOR,KRW,https://audio-ssl.itunes.apple.com/itunes-assets/AudioPreview211/v4/0b/6a/16/0b6a163f-7288-bc16-7e72-0fffc49fcd57/mzaf_7941605170858462309.plus.aac.p.m4a,https://is1-ssl.mzstatic.com/image/thumb/Music221/v4/12/99/f0/1299f026-f0a9-4a68-a972-53a7e3f768f2/cover_KM0023406_1.jpg/100x100bb.jpg,https://music.apple.com/kr/album/%EC%9A%B0%EB%A6%AC%EA%B0%80-%EC%82%AC%EB%9E%91%ED%95%9C-%EB%AA%A8%EB%93%A0-%EB%82%A0%EB%93%A4/1837850581?i=1837850583&uo=4
보고싶지 않은 니가 보고싶다,임창정,발라드,2025,0,music,KOR,KRW,https://audio-ssl.itunes.apple.com/itunes-assets/AudioPreview211/v4/e1/cd/fb/e1cdfb53-9c94-4b34-eb65-2a3988d63b51/mzaf_6868077324685772939.plus.aac.p.m4a,https://is1-ssl.mzstatic.com/image/thumb/Music221/v4/b7/74/7c/b7747cb2-d9a2-d3fc-7967-aab334c6ec86/8804775421501.jpg/100x100bb.jpg,https://music.apple.com/kr/album/%EB%B3%B4%EA%B3%A0%EC%8B%B6%EC%A7%80-%EC%95%8A%EC%9D%80-%EB%8B%88%EA%B0%80-%EB%B3%B4%EA%B3%A0%EC%8B%B6%EB%8B%A4/1831644640?i=1831644641&uo=4
나에게 그대만이,이예준,발라드,2025,0,music,KOR,KRW,https://audio-ssl.itunes.apple.com/itunes-assets/AudioPreview211/v4/9a/26/f3/9a26f3a4-caaa-2d79-320f-28c5dd79ed52/mzaf_5950475792111555263.plus.aac.p.m4a,https://is1-ssl.mzstatic.com/image/thumb/Music211/v4/72/c4/e7/72c4e711-30bb-9caa-1bbe-e2fef66d3469/cover_KM0023349_1.jpg/100x100bb.jpg,https://music.apple.com/kr/album/%EB%82%98%EC%97%90%EA%B2%8C-%EA%B7%B8%EB%8C%80%EB%A7%8C%EC%9D%B4/1834076370?i=1834076371&uo=4
그때 그 남자,지아,발라드,2025,0,music,KOR,KRW,https://audio-ssl.itunes.apple.com/itunes-assets/AudioPreview221/v4/91/84/03/9184033c-21b0-85d1-3102-ab566d367152/mzaf_7564995190001785011.plus.aac.p.m4a,https://is1-ssl.mzstatic.com/image/thumb/Music211/v4/c5/d7/d1/c5d7d119-aae2-7ed0-e049-09d22a3a6437/cover_KM0023070_1.jpg/100x100bb.jpg,https://music.apple.com/kr/album/%EA%B7%B8%EB%95%8C-%EA%B7%B8-%EB%82%A8%EC%9E%90/1822675911?i=1822675912&uo=4
이게 뭐냔 말이야,허용별,발라드,2025,0,music,KOR,KRW,https://audio-ssl.itunes.apple.com/itunes-assets/AudioPreview211/v4/13/24/ee/1324ee38-1858-4644-d66f-320366b480bc/mzaf_5786620735460491086.plus.aac.p.m4a,https://is1-ssl.mzstatic.com/image/thumb/Music221/v4/ba/52/b1/ba52b1a1-0c4b-4821-8c36-34bfd5b8b1fa/cover_KM0022915_1.jpg/100x100bb.jpg,https://music.apple.com/kr/album/%EC%9D%B4%EA%B2%8C-%EB%AD%90%EB%83%94-%EB%A7%90%EC%9D%B4%EC%95%BC/1817549294?i=1817549295&uo=4
오르막길 (feat. 윤종신),박보검,발라드,2025,0,music,KOR,KRW,https://audio-ssl.itunes.apple.com/itunes-assets/AudioPreview211/v4/71/55/0f/71550f79-9060-5f65-579e-8f044ea25270/mzaf_10695433805455653117.plus.aac.p.m4a,https://is1-ssl.mzstatic.com/image/thumb/Music211/v4/a0/b9/a3/a0b9a3a5-4935-d772-e7d8-cb160d780d49/888272158359_Cover.jpg/100x100bb.jpg,https://music.apple.com/kr/album/%EC%98%A4%EB%A5%B4%EB%A7%89%EA%B8%B8-feat-%EC%9C%A4%EC%A2%85%EC%8B%A0/1830206386?i=1830206389&uo=4
Close your eyes,DK(디셈버),발라드,2025,0,music,KOR,KRW,https://audio-ssl.itunes.apple.com/itunes-assets/AudioPreview221/v4/29/66/ce/2966ce2d-6cdb-d0fd-f167-747d6faf7645/mzaf_9694550573665033277.plus.aac.p.m4a,https://is1-ssl.mzstatic.com/image/thumb/Music221/v4/98/05/47/9805478c-e74e-3aef-a0f8-edcb73eb6040/888272160000.jpg/100x100bb.jpg,https://music.apple.com/kr/album/close-your-eyes/1836858283?i=1836858284&uo=4
운명 (2025),먼데이키즈 & 이이경,발라드,2025,0,music,KOR,KRW,https://audio-ssl.itunes.apple.com/itunes-assets/AudioPreview211/v4/14/46/ad/1446ad84-04e9-116e-fead-545de650b16c/mzaf_9797062287762999784.plus.aac.p.m4a,https://is1-ssl.mzstatic.com/image/thumb/Music211/v4/81/4e/12/814e124b-7380-4b19-98f7-7b952485ee7e/8804775420924.jpg/100x100bb.jpg,https://music.apple.com/kr/album/%EC%9A%B4%EB%AA%85-2025/1828335690?i=1828335691&uo=4
화분,하현상,발라드,2025,0,music,KOR,KRW,https://audio-ssl.itunes.apple.com/itunes-assets/AudioPreview221/v4/b9/10/38/b910385a-1efa-0065-c1e8-1be0915543e1/mzaf_11131085821777477139.plus.aac.p.m4a,https://is1-ssl.mzstatic.com/image/thumb/Music221/v4/91/e2/f5/91e2f57b-e0d0-ea99-1be4-470c9e352ffb/cover_KM0022894_1.jpg/100x100bb.jpg,https://music.apple.com/kr/album/%ED%99%94%EB%B6%84/1816869481?i=1816869482&uo=4
한잔의 노래,조째즈,발라드,2025,0,music,KOR,KRW,https://audio-ssl.itunes.apple.com/itunes-assets/AudioPreview221/v4/ad/e2/93/ade29391-9344-3234-a8d7-ab18fea9cdbe/mzaf_5591332929950352342.plus.aac.p.m4a,https://is1-ssl.mzstatic.com/image/thumb/Music221/v4/eb/11/f6/eb11f634-250b-e1d9-080d-91d4ccf76352/cover_KM0023169_1.jpg/100x100bb.jpg,https://music.apple.com/kr/album/%ED%95%9C%EC%9E%94%EC%9D%98-%EB%85%B8%EB%9E%98/1825539015?i=1825539016&uo=4
떠날 거면 날 사랑하지나 말지,송하예,발라드,2025,0,music,KOR,KRW,https://audio-ssl.itunes.apple.com/itunes-assets/AudioPreview211/v4/7d/34/8b/7d348b5b-3905-ed0a-5ac7-320b261011f4/mzaf_13117271016011207320.plus.aac.p.m4a,https://is1-ssl.mzstatic.com/image/thumb/Music221/v4/47/25/17/4725175f-c558-b738-c904-b33a0f68f06f/8800303261809_cover.jpg/100x100bb.jpg,https://music.apple.com/kr/album/%EB%96%A0%EB%82%A0-%EA%B1%B0%EB%A9%B4-%EB%82%A0-%EC%82%AC%EB%9E%91%ED%95%98%EC%A7%80%EB%82%98-%EB%A7%90%EC%A7%80/1832914701?i=1832914702&uo=4
너라는 중력,신승훈,발라드,2025,0,music,KOR,KRW,https://audio-ssl.itunes.apple.com/itunes-assets/AudioPreview211/v4/0b/bf/61/0bbf61f1-2234-f1bf-ab33-007ec0e6159b/mzaf_4025591199248594224.plus.aac.p.m4a,https://is1-ssl.mzstatic.com/image/thumb/Music221/v4/b2/bf/72/b2bf72d6-f79b-f51e-bc2e-9087db3a0fba/888272160949_Cover.jpg/100x100bb.jpg,https://music.apple.com/kr/album/%EB%84%88%EB%9D%BC%EB%8A%94-%EC%A4%91%EB%A0%A5/1840843779?i=1840843781&uo=4
들리나요,노을,발라드,2025,0,music,KOR,KRW,https://audio-ssl.itunes.apple.com/itunes-assets/AudioPreview221/v4/0e/d5/d3/0ed5d366-51ac-a0f1-1ab7-9c13aa0f07c9/mzaf_7966904684977547663.plus.aac.p.m4a,https://is1-ssl.mzstatic.com/image/thumb/Music221/v4/b9/d4/7b/b9d47bb4-2c66-8e91-4ba5-effe9226ff8b/191953468716.jpg/100x100bb.jpg,https://music.apple.com/kr/album/%EB%93%A4%EB%A6%AC%EB%82%98%EC%9A%94/1836884117?i=1836884509&uo=4
한없이 아름다운 너를 만나,솔지,발라드,2025,0,music,KOR,KRW,https://audio-ssl.itunes.apple.com/itunes-assets/AudioPreview221/v4/20/76/91/20769173-8e46-2a23-2fcb-232f01d4a9d2/mzaf_11849831522257954200.plus.aac.p.m4a,https://is1-ssl.mzstatic.com/image/thumb/Music221/v4/c5/f3/c8/c5f3c873-8d09-119d-ba05-06bd289db300/888272161120_Cover.jpg/100x100bb.jpg,https://music.apple.com/kr/album/%ED%95%9C%EC%97%86%EC%9D%B4-%EC%95%84%EB%A6%84%EB%8B%A4%EC%9A%B4-%EB%84%88%EB%A5%BC-%EB%A7%8C%EB%82%98/1840356165?i=1840356169&uo=4
아문다,황가람,발라드,2025,0,music,KOR,KRW,https://audio-ssl.itunes.apple.com/itunes-assets/AudioPreview221/v4/1e/77/9c/1e779c70-5ef2-265b-5e41-d6472644cb82/mzaf_8012814596960137869.plus.aac.p.m4a,https://is1-ssl.mzstatic.com/image/thumb/Music211/v4/e1/6d/df/e16ddf86-8b1c-68f2-4de1-095d6032a8cc/cover_KM0023249_1.jpg/100x100bb.jpg,https://music.apple.com/kr/album/%EC%95%84%EB%AC%B8%EB%8B%A4/1829624509?i=1829624516&uo=4
한숨,신용재,발라드,2025,0,music,KOR,KRW,https://audio-ssl.itunes.apple.com/itunes-assets/AudioPreview221/v4/c0/6b/5c/c06b5c55-759b-2094-8d15-b3692339448e/mzaf_8871060516364523045.plus.aac.p.m4a,https://is1-ssl.mzstatic.com/image/thumb/Music221/v4/c1/28/38/c1283873-b1dc-144d-0ec6-9d2a3e04fb68/8800303103116.jpg/100x100bb.jpg,https://music.apple.com/kr/album/%ED%95%9C%EC%88%A8/1822239410?i=1822239412&uo=4
말하지 않아도,범진,발라드,2025,0,music,KOR,KRW,https://audio-ssl.itunes.apple.com/itunes-assets/AudioPreview221/v4/9a/fd/6e/9afd6e5d-f1b0-a4d6-abf4-8febf00177e3/mzaf_14119039223284397884.plus.aac.p.m4a,https://is1-ssl.mzstatic.com/image/thumb/Music211/v4/46/12/46/46124674-24a7-97d1-54c4-a28b2b915479/cover_KM0023297_1.jpg/100x100bb.jpg,https://music.apple.com/kr/album/%EB%A7%90%ED%95%98%EC%A7%80-%EC%95%8A%EC%95%84%EB%8F%84/1832881386?i=1832881387&uo=4
She Was,신승훈,발라드,2025,0,music,KOR,KRW,https://audio-ssl.itunes.apple.com/itunes-assets/AudioPreview211/v4/bd/cd/cf/bdcdcfc3-d98d-6049-e4f9-7f2cc8398fa9/mzaf_10054810057469319192.plus.aac.p.m4a,https://is1-ssl.mzstatic.com/image/thumb/Music211/v4/a9/ef/db/a9efdbff-e237-d9f0-45e8-541c7d331b74/888272160239_Cover.jpg/100x100bb.jpg,https://music.apple.com/kr/album/she-was/1838383552?i=1838383555&uo=4
어른이 됐고,이석훈,발라드,2025,0,music,KOR,KRW,https://audio-ssl.itunes.apple.com/itunes-assets/AudioPreview211/v4/05/d9/75/05d97554-25b4-a1e4-e4d6-300d329416c1/mzaf_1566039343921879503.plus.aac.p.m4a,https://is1-ssl.mzstatic.com/image/thumb/Music211/v4/0a/6f/f7/0a6ff7b0-f3c8-756a-29aa-40f10e81006e/cover_KM0023335_1.jpg/100x100bb.jpg,https://music.apple.com/kr/album/%EC%96%B4%EB%A5%B8%EC%9D%B4-%EB%90%90%EA%B3%A0/1834076329?i=1834076332&uo=4
오래된 노래,"켄, 영재, 후이 & 최상엽",발라드,2025,0,music,KOR,KRW,https://audio-ssl.itunes.apple.com/itunes-assets/AudioPreview211/v4/00/60/d8/0060d8b2-76ed-7d77-fca4-1e1cb6666c74/mzaf_6261270184919172684.plus.aac.p.m4a,https://is1-ssl.mzstatic.com/image/thumb/Music221/v4/e5/ed/23/e5ed2367-f7c6-bbef-1c9e-09c2139d4e18/191953454450.jpg/100x100bb.jpg,https://music.apple.com/kr/album/%EC%98%A4%EB%9E%98%EB%90%9C-%EB%85%B8%EB%9E%98/1823170970?i=1823171211&uo=4
All I Need Is You,이우,발라드,2025,0,music,KOR,KRW,https://audio-ssl.itunes.apple.com/itunes-assets/AudioPreview221/v4/04/a9/b7/04a9b756-30c2-d50b-5e85-365419354dcb/mzaf_7178217360544867010.plus.aac.p.m4a,https://is1-ssl.mzstatic.com/image/thumb/Music221/v4/bd/f9/47/bdf94761-029f-cbee-252c-079abbfc008d/cover_KM0023175_1.jpg/100x100bb.jpg,https://music.apple.com/kr/album/all-i-need-is-you/1825020707?i=1825020708&uo=4
결혼하지 못하는 이유,윤민수 & 이예준,발라드,2025,0,music,KOR,KRW,https://audio-ssl.itunes.apple.com/itunes-assets/AudioPreview211/v4/13/f3/fb/13f3fb5b-364b-474c-c078-3d58298258e6/mzaf_10573026647107388689.plus.aac.p.m4a,https://is1-ssl.mzstatic.com/image/thumb/Music211/v4/88/37/e4/8837e480-a9ce-5092-d226-c59ac49d2389/cover_KM0023192_1.jpg/100x100bb.jpg,https://music.apple.com/kr/album/%EA%B2%B0%ED%98%BC%ED%95%98%EC%A7%80-%EB%AA%BB%ED%95%98%EB%8A%94-%EC%9D%B4%EC%9C%A0/1825831638?i=1825831639&uo=4
비오니까,이홍기,발라드,2025,0,music,KOR,KRW,https://audio-ssl.itunes.apple.com/itunes-assets/AudioPreview221/v4/e5/62/e1/e562e11c-d080-b273-5c12-ff886a8a0b8f/mzaf_15013443750533812463.plus.aac.p.m4a,https://is1-ssl.mzstatic.com/image/thumb/Music211/v4/f1/e2/38/f1e23852-4b49-32b2-c3e9-a93547772205/cover_KM0023099_1.jpg/100x100bb.jpg,https://music.apple.com/kr/album/%EB%B9%84%EC%98%A4%EB%8B%88%EA%B9%8C/1824103659?i=1824103660&uo=4
눈꽃,정준일,발라드,2025,0,music,KOR,KRW,https://audio-ssl.itunes.apple.com/itunes-assets/AudioPreview221/v4/3e/8a/40/3e8a409d-39e8-220a-09e4-fb37281211d0/mzaf_821383659303589165.plus.aac.p.m4a,https://is1-ssl.mzstatic.com/image/thumb/Music221/v4/18/c0/31/18c0311e-3003-3287-6321-16ade9c68ed4/cover_KM0023284_1.jpg/100x100bb.jpg,https://music.apple.com/kr/album/%EB%88%88%EA%BD%83/1831224901?i=1831224902&uo=4
그래도 좋아해요,남규리,발라드,2025,0,music,KOR,KRW,https://audio-ssl.itunes.apple.com/itunes-assets/AudioPreview221/v4/d6/32/4d/d6324d59-2f10-9a8d-a64e-bf8df87c941d/mzaf_4985280230390157358.plus.aac.p.m4a,https://is1-ssl.mzstatic.com/image/thumb/Music221/v4/f1/10/2b/f1102bc7-dbcd-7dfb-aaa0-209daab21355/cover_KM0023305_1.jpg/100x100bb.jpg,https://music.apple.com/kr/album/%EA%B7%B8%EB%9E%98%EB%8F%84-%EC%A2%8B%EC%95%84%ED%95%B4%EC%9A%94/1832385542?i=1832385543&uo=4
인사,임재범,발라드,2025,0,music,KOR,KRW,https://audio-ssl.itunes.apple.com/itunes-assets/AudioPreview211/v4/1a/8a/96/1a8a9679-fce2-14fc-e829-27889ed70a59/mzaf_14582971158617797122.plus.aac.p.m4a,https://is1-ssl.mzstatic.com/image/thumb/Music211/v4/67/76/98/67769852-a789-0e93-5d4b-301523ad73df/8800334231109.jpg/100x100bb.jpg,https://music.apple.com/kr/album/%EC%9D%B8%EC%82%AC/1839871815?i=1839871817&uo=4
미래의 너에게 고마워,노을,발라드,2025,0,music,KOR,KRW,https://audio-ssl.itunes.apple.com/itunes-assets/AudioPreview221/v4/10/8b/37/108b37ed-920e-9cb7-be86-b452cefeac62/mzaf_17071310200724795313.plus.aac.p.m4a,https://is1-ssl.mzstatic.com/image/thumb/Music221/v4/94/50/89/945089ba-af6c-65e5-e32f-fb739981a82f/888618431337.jpg/100x100bb.jpg,https://music.apple.com/kr/album/%EB%AF%B8%EB%9E%98%EC%9D%98-%EB%84%88%EC%97%90%EA%B2%8C-%EA%B3%A0%EB%A7%88%EC%9B%8C/1819833567?i=1819833568&uo=4
자니 (feat. 다이나믹 듀오),프라이머리,힙합,2012,0,music,KOR,KRW,https://audio-ssl.itunes.apple.com/itunes-assets/AudioPreview221/v4/c4/de/a3/c4dea307-ac4d-4f3d-1b71-00924c0b82e2/mzaf_17701158488758055605.plus.aac.p.m4a,https://is1-ssl.mzstatic.com/image/thumb/Music112/v4/c0/56/30/c05630b4-f734-58c3-d810-71e8dd9087a8/196922296390_Cover.jpg/100x100bb.jpg,https://music.apple.com/kr/album/%EC%9E%90%EB%8B%88-feat-%EB%8B%A4%EC%9D%B4%EB%82%98%EB%AF%B9-%EB%93%80%EC%98%A4/1658508879?i=1658508882&uo=4
Trip (feat. Hannah),릴러말즈,힙합,2018,0,music,KOR,KRW,https://audio-ssl.itunes.apple.com/itunes-assets/AudioPreview126/v4/2b/fc/e2/2bfce295-f5fc-91f7-dc79-eca973e213dd/mzaf_5969905515790077809.plus.aac.p.m4a,https://is1-ssl.mzstatic.com/image/thumb/Music126/v4/d2/6f/40/d26f4042-607f-3cef-b70c-8426e9d13e6f/8809603548191_Cover.jpg/100x100bb.jpg,https://music.apple.com/kr/album/trip-feat-hannah/1608880065?i=1608880079&uo=4
Small girl (feat. D.O.),이영지,힙합,2024,0,music,KOR,KRW,https://audio-ssl.itunes.apple.com/itunes-assets/AudioPreview211/v4/72/e7/78/72e778eb-5bb4-7567-4857-e769182f4044/mzaf_8293529149094494349.plus.aac.p.m4a,https://is1-ssl.mzstatic.com/image/thumb/Music211/v4/cf/ff/93/cfff93b5-e7ef-6a28-6786-9f82f79d8117/8804775305474.jpg/100x100bb.jpg,https://music.apple.com/kr/album/small-girl-feat-d-o/1753178651?i=1753178654&uo=4
Love Love Love (feat. 융진),에픽하이,힙합,2006,0,music,KOR,KRW,https://audio-ssl.itunes.apple.com/itunes-assets/AudioPreview116/v4/d6/68/55/d66855e3-9d39-d0e4-9125-c361de786cff/mzaf_13209240250699051678.plus.aac.p.m4a,https://is1-ssl.mzstatic.com/image/thumb/Music126/v4/c3/56/b2/c356b23d-6844-46a8-bbfc-1206dbfcde52/08809114102691_Cover.jpg/100x100bb.jpg,https://music.apple.com/kr/album/love-love-love-feat-%EC%9C%B5%EC%A7%84/1610106934?i=1610108181&uo=4
KISS KISS KISS (Prod. by Hukky Shibaseki) [feat. SUNWOO],나우아임영 & Royal 44,힙합,2026,0,music,KOR,KRW,https://audio-ssl.itunes.apple.com/itunes-assets/AudioPreview211/v4/bc/30/dd/bc30dd98-e7b6-a51f-dde4-e68aa561ee0e/mzaf_2662379823558262221.plus.aac.p.m4a,https://is1-ssl.mzstatic.com/image/thumb/Music211/v4/f3/fc/6a/f3fc6a43-142f-daf6-e07e-f2917bd24c1e/888272178388_Cover.jpg/100x100bb.jpg,https://music.apple.com/kr/album/kiss-kiss-kiss-prod-by-hukky-shibaseki-feat-sunwoo/1886030533?i=1886030615&uo=4
하지마,릴러말즈 & TOIL,힙합,2022,0,music,KOR,KRW,https://audio-ssl.itunes.apple.com/itunes-assets/AudioPreview112/v4/92/47/de/9247dec4-f718-e74a-2e4c-f72d58349ae0/mzaf_8306396596804517092.plus.aac.p.m4a,https://is1-ssl.mzstatic.com/image/thumb/Music126/v4/81/f1/c8/81f1c84e-7945-c944-5b61-e1b3898ed53e/888272099683_Cover.jpg/100x100bb.jpg,https://music.apple.com/kr/album/%ED%95%98%EC%A7%80%EB%A7%88/1625221930?i=1625221939&uo=4
만남은 쉽고 이별은 어려워 (feat. 릴러말즈 & TOIL),베이식,힙합,2021,0,music,KOR,KRW,https://audio-ssl.itunes.apple.com/itunes-assets/AudioPreview116/v4/fe/4e/41/fe4e412e-71a1-204a-fc83-656bbcad05af/mzaf_16084494247837838744.plus.aac.p.m4a,https://is1-ssl.mzstatic.com/image/thumb/Music116/v4/a0/a1/64/a0a16473-609e-d256-d9c2-4af562d7c333/888272090475_Cover.jpg/100x100bb.jpg,https://music.apple.com/kr/album/%EB%A7%8C%EB%82%A8%EC%9D%80-%EC%89%BD%EA%B3%A0-%EC%9D%B4%EB%B3%84%EC%9D%80-%EC%96%B4%EB%A0%A4%EC%9B%8C-feat-%EB%A6%B4%EB%9F%AC%EB%A7%90%EC%A6%88-toil/1596440387?i=1596440531&uo=4
우리서로사랑하지는말자,기리보이,힙합,2020,0,music,KOR,KRW,https://audio-ssl.itunes.apple.com/itunes-assets/AudioPreview125/v4/46/46/0f/46460f26-ca2a-41fd-47f8-284ed90cec9c/mzaf_3506100979535458375.plus.aac.p.m4a,https://is1-ssl.mzstatic.com/image/thumb/Music114/v4/eb/3c/5d/eb3c5d19-700a-0be3-b41d-05a051bb9844/cover_-.jpg/100x100bb.jpg,https://music.apple.com/kr/album/%EC%9A%B0%EB%A6%AC%EC%84%9C%EB%A1%9C%EC%82%AC%EB%9E%91%ED%95%98%EC%A7%80%EB%8A%94%EB%A7%90%EC%9E%90/1534525134?i=1534525138&uo=4
네가 없는 밤 (feat. ASH ISLAND),비오,힙합,2021,0,music,KOR,KRW,https://audio-ssl.itunes.apple.com/itunes-assets/AudioPreview126/v4/4e/01/bf/4e01bf41-cd14-3d53-618b-e04ed9283425/mzaf_16408208843951227101.plus.aac.p.m4a,https://is1-ssl.mzstatic.com/image/thumb/Music126/v4/c9/be/4d/c9be4deb-18f4-3b96-de56-a8858c4ea920/888272091533_Cover.jpg/100x100bb.jpg,https://music.apple.com/kr/album/%EB%84%A4%EA%B0%80-%EC%97%86%EB%8A%94-%EB%B0%A4-feat-ash-island/1598503188?i=1598503202&uo=4
"Credit (feat. YUMDDA, GIRIBOY & Zion.T)",릴보이,힙합,2020,0,music,KOR,KRW,https://audio-ssl.itunes.apple.com/itunes-assets/AudioPreview126/v4/7a/38/9f/7a389f6a-1b10-0e18-aa59-11fd8d2e2960/mzaf_15701446663215118791.plus.aac.p.m4a,https://is1-ssl.mzstatic.com/image/thumb/Music116/v4/d1/50/ad/d150ade8-3bc4-f6ac-c06e-539dad74b053/888272072853_Cover.jpg/100x100bb.jpg,https://music.apple.com/kr/album/credit-feat-yumdda-giriboy-zion-t/1611261214?i=1611261708&uo=4
우산 (feat. Younha),에픽하이,힙합,2008,0,music,KOR,KRW,https://audio-ssl.itunes.apple.com/itunes-assets/AudioPreview116/v4/0b/e0/ef/0be0efda-ae53-97d2-feba-687ab7dec76a/mzaf_12606196641011700553.plus.aac.p.m4a,https://is1-ssl.mzstatic.com/image/thumb/Music126/v4/d3/70/0d/d3700dea-ad51-4863-afaf-9fe8bc016010/08809231381580_Cover.jpg/100x100bb.jpg,https://music.apple.com/kr/album/%EC%9A%B0%EC%82%B0-feat-younha/1610080362?i=1610080888&uo=4
갖고놀래 (feat. 다이나믹 듀오),Bumkey,힙합,2013,0,music,KOR,KRW,https://audio-ssl.itunes.apple.com/itunes-assets/AudioPreview221/v4/98/01/c1/9801c19d-eed4-4788-b834-dcc49f8931bc/mzaf_9745684333971040760.plus.aac.p.m4a,https://is1-ssl.mzstatic.com/image/thumb/Music124/v4/5f/4a/ff/5f4afff8-d4cb-0cf3-00ad-88dd36aed974/KM0002222-_DS-0816.jpg/100x100bb.jpg,https://music.apple.com/kr/album/%EA%B0%96%EA%B3%A0%EB%86%80%EB%9E%98-feat-%EB%8B%A4%EC%9D%B4%EB%82%98%EB%AF%B9-%EB%93%80%EC%98%A4/689089905?i=689090000&uo=4
연애소설 (feat. 아이유),에픽하이,힙합,2017,0,music,KOR,KRW,https://audio-ssl.itunes.apple.com/itunes-assets/AudioPreview115/v4/29/e7/99/29e79986-55c8-1867-79f7-ff24469a8df2/mzaf_1880348974543530121.plus.aac.p.m4a,https://is1-ssl.mzstatic.com/image/thumb/Music114/v4/19/00/dd/1900dd2f-2d37-f089-8fc0-bb2c07a81802/COVER_fin_4000X4000.jpg/100x100bb.jpg,https://music.apple.com/kr/album/%EC%97%B0%EC%95%A0%EC%86%8C%EC%84%A4-feat-%EC%95%84%EC%9D%B4%EC%9C%A0/1299101327?i=1299101336&uo=4
낮 밤 (feat. 박재범),이영지,힙합,2021,0,music,KOR,KRW,https://audio-ssl.itunes.apple.com/itunes-assets/AudioPreview211/v4/2b/fb/c4/2bfbc48a-c00b-d583-806d-685665fca548/mzaf_5149576072615951792.plus.aac.p.m4a,https://is1-ssl.mzstatic.com/image/thumb/Music126/v4/c4/1e/a1/c41ea1b1-058b-3a3b-2fca-1c29ea8fc9f0/cover.jpg/100x100bb.jpg,https://music.apple.com/kr/album/%EB%82%AE-%EB%B0%A4-feat-%EB%B0%95%EC%9E%AC%EB%B2%94/1592658484?i=1592658697&uo=4
예쁘잖아,기리보이,힙합,2016,0,music,KOR,KRW,https://audio-ssl.itunes.apple.com/itunes-assets/AudioPreview125/v4/86/c1/11/86c11140-6c35-636b-7e52-cef19aa602b1/mzaf_15714008334420882213.plus.aac.p.m4a,https://is1-ssl.mzstatic.com/image/thumb/Music114/v4/c1/e8/a6/c1e8a6ac-7089-122d-9632-449ec01e83ed/COVER-_DS.jpg/100x100bb.jpg,https://music.apple.com/kr/album/%EC%98%88%EC%81%98%EC%9E%96%EC%95%84/1094111761?i=1094112082&uo=4
Good Day (Prod. 코드 쿤스트) [feat. 팔로알토],"pH-1, 키드밀리 & Loopy",힙합,2018,0,music,KOR,KRW,https://audio-ssl.itunes.apple.com/itunes-assets/AudioPreview115/v4/72/3b/d6/723bd602-49b6-022c-0fda-77bc148dde05/mzaf_5013871313082933133.plus.aac.p.m4a,https://is1-ssl.mzstatic.com/image/thumb/Music115/v4/e4/e0/1c/e4e01ced-d394-0302-7c0e-edac3c880c2b/8809603546869_Cover.jpg/100x100bb.jpg,https://music.apple.com/kr/album/good-day-prod-%EC%BD%94%EB%93%9C-%EC%BF%A4%EC%8A%A4%ED%8A%B8-feat-%ED%8C%94%EB%A1%9C%EC%95%8C%ED%86%A0/1580539268?i=1580539280&uo=4
Wake Up (feat. CODE KUNST),"개코, Ourealgoat, SINCE, 안병웅, Tabber & 조광일",힙합,2021,0,music,KOR,KRW,https://audio-ssl.itunes.apple.com/itunes-assets/AudioPreview116/v4/f3/42/4a/f3424a00-447e-4657-2cbd-00574489d783/mzaf_6107762875233560164.plus.aac.p.m4a,https://is1-ssl.mzstatic.com/image/thumb/Music116/v4/41/4a/06/414a06e8-530b-326d-722c-4c4c08c62525/888272089127_Cover.jpg/100x100bb.jpg,https://music.apple.com/kr/album/wake-up-feat-code-kunst/1593828524?i=1593828818&uo=4
사이렌 Remix (feat. UNEDUCATED KID & Paul Blanco),호미들,힙합,2021,0,music,KOR,KRW,https://audio-ssl.itunes.apple.com/itunes-assets/AudioPreview114/v4/48/f7/4d/48f74df2-1e83-25b8-ebd1-a51829097447/mzaf_4864885656531202110.plus.aac.p.m4a,https://is1-ssl.mzstatic.com/image/thumb/Music124/v4/bb/ce/94/bbce9471-c0c9-345d-4986-55fab818863b/Siren_remix_3000px.jpg/100x100bb.jpg,https://music.apple.com/kr/album/%EC%82%AC%EC%9D%B4%EB%A0%8C-remix-feat-uneducated-kid-paul-blanco/1559478461?i=1559478464&uo=4
비 오는 날 듣기 좋은 노래 (feat. Colde),에픽하이,힙합,2021,0,music,KOR,KRW,https://audio-ssl.itunes.apple.com/itunes-assets/AudioPreview125/v4/7e/88/3f/7e883f80-81a4-e0e9-693e-f3b8f640d07b/mzaf_18061642981993555818.plus.aac.p.m4a,https://is1-ssl.mzstatic.com/image/thumb/Music115/v4/e6/e5/6d/e6e56d12-833d-9821-793f-c1ee97f47d65/82071044.jpg/100x100bb.jpg,https://music.apple.com/kr/album/%EB%B9%84-%EC%98%A4%EB%8A%94-%EB%82%A0-%EB%93%A3%EA%B8%B0-%EC%A2%8B%EC%9D%80-%EB%85%B8%EB%9E%98-feat-colde/1572947687?i=1572947688&uo=4
OUT OF MY SIGHT,릴러말즈,힙합,2021,0,music,KOR,KRW,https://audio-ssl.itunes.apple.com/itunes-assets/AudioPreview126/v4/99/e8/84/99e8847a-b592-1dad-3549-65b5fb788947/mzaf_4496240689198737846.plus.aac.p.m4a,https://is1-ssl.mzstatic.com/image/thumb/Music126/v4/38/3d/d1/383dd11b-fe83-1c40-2e80-90716ba75985/888272092196_Cover.jpg/100x100bb.jpg,https://music.apple.com/kr/album/out-of-my-sight/1600203319?i=1600203518&uo=4
아크라포빅,하모,힙합,2025,0,music,KOR,KRW,https://audio-ssl.itunes.apple.com/itunes-assets/AudioPreview211/v4/27/e3/b6/27e3b682-f4eb-df62-5dab-87cda2a09bad/mzaf_11455300391851223754.plus.aac.p.m4a,https://is1-ssl.mzstatic.com/image/thumb/Music221/v4/69/2b/50/692b5025-09d6-112e-c57f-0d7210a16cbe/888618458259.jpg/100x100bb.jpg,https://music.apple.com/kr/album/%EC%95%84%ED%81%AC%EB%9D%BC%ED%8F%AC%EB%B9%85/1857831146?i=1857831147&uo=4
쉬어 (feat. MINO & 그레이),"Anandelight, Unofficialboyy, 비오, 지구인 & Mudd the student",힙합,2021,0,music,KOR,KRW,https://audio-ssl.itunes.apple.com/itunes-assets/AudioPreview116/v4/0d/38/19/0d38191a-d940-2384-1106-c423281fb222/mzaf_7550455059215406109.plus.aac.p.m4a,https://is1-ssl.mzstatic.com/image/thumb/Music116/v4/41/4a/06/414a06e8-530b-326d-722c-4c4c08c62525/888272089127_Cover.jpg/100x100bb.jpg,https://music.apple.com/kr/album/%EC%89%AC%EC%96%B4-feat-mino-%EA%B7%B8%EB%A0%88%EC%9D%B4/1593828524?i=1593828826&uo=4
Smoking Dreams,재지팩트,힙합,2010,0,music,KOR,KRW,https://audio-ssl.itunes.apple.com/itunes-assets/AudioPreview116/v4/69/0c/40/690c4002-8762-840f-daec-0ccdf67a016b/mzaf_3924334644968136043.plus.aac.p.m4a,https://is1-ssl.mzstatic.com/image/thumb/Music116/v4/c7/8e/34/c78e346b-646e-db6c-2de1-7022c5e56a69/8809704421188_Cover.jpg/100x100bb.jpg,https://music.apple.com/kr/album/smoking-dreams/1609042844?i=1609043104&uo=4
고백 (feat. 정인),다이나믹 듀오,힙합,2005,0,music,KOR,KRW,https://audio-ssl.itunes.apple.com/itunes-assets/AudioPreview112/v4/21/b6/9a/21b69ab7-2e9e-d4cb-542b-853fd24dcf32/mzaf_10873181203460068607.plus.aac.p.m4a,https://is1-ssl.mzstatic.com/image/thumb/Music112/v4/dc/cb/44/dccb44ed-c2b2-f999-52ee-9aa4dceec626/888272108453_Cover.jpg/100x100bb.jpg,https://music.apple.com/kr/album/%EA%B3%A0%EB%B0%B1-feat-%EC%A0%95%EC%9D%B8/1652812891?i=1652813298&uo=4
U,권오선,힙합,2022,0,music,KOR,KRW,https://audio-ssl.itunes.apple.com/itunes-assets/AudioPreview122/v4/72/07/d4/7207d4c1-1702-ccce-f31b-93b0d585c865/mzaf_5468160976395262383.plus.aac.p.m4a,https://is1-ssl.mzstatic.com/image/thumb/Music122/v4/84/de/f5/84def565-4060-f369-8351-b12af15c9f15/888272105322_Cover.jpg/100x100bb.jpg,https://music.apple.com/kr/album/u/1642888625?i=1642889031&uo=4
Bubble Love,MC 몽 & 서인영,힙합,2010,0,music,KOR,KRW,https://audio-ssl.itunes.apple.com/itunes-assets/AudioPreview115/v4/e5/01/bd/e501bd14-a598-9fc2-0160-64cc2599061d/mzaf_8086729762764203118.plus.aac.p.m4a,https://is1-ssl.mzstatic.com/image/thumb/Music125/v4/78/18/b5/7818b5ca-a1b4-a229-ecf0-535fb29c89e4/jo.jpg/100x100bb.jpg,https://music.apple.com/kr/album/bubble-love/952612474?i=952612475&uo=4
Blue Moon,효린 & 창모,힙합,2017,0,music,KOR,KRW,https://audio-ssl.itunes.apple.com/itunes-assets/AudioPreview125/v4/2f/b1/41/2fb141ad-6e27-8a0a-eef8-30e145f3f885/mzaf_9239451556553054164.plus.aac.p.m4a,https://is1-ssl.mzstatic.com/image/thumb/Music122/v4/ac/14/3d/ac143dd9-245c-35b6-8fa6-6c06f463c365/cover-_DS.jpg/100x100bb.jpg,https://music.apple.com/kr/album/blue-moon/1226923682?i=1226923909&uo=4
"TICK TOCK (Prod. by ZICO, Crush) [feat. ZICO]","김하온, Nosun, Raf Sandou, Marv & 정준혁",힙합,2026,0,music,KOR,KRW,https://audio-ssl.itunes.apple.com/itunes-assets/AudioPreview221/v4/0c/77/bb/0c77bb9d-3d32-5a9b-62b3-3d1524b3bd54/mzaf_7339872558629512535.plus.aac.p.m4a,https://is1-ssl.mzstatic.com/image/thumb/Music221/v4/a7/81/8b/a7818b78-57ed-07bc-b38e-d049f13cc577/888272177640_Cover.jpg/100x100bb.jpg,https://music.apple.com/kr/album/tick-tock-prod-by-zico-crush-feat-zico/1882280077?i=1882280094&uo=4
바코드,김하온 & 빈첸,힙합,2018,0,music,KOR,KRW,https://audio-ssl.itunes.apple.com/itunes-assets/AudioPreview112/v4/96/30/be/9630be28-6540-c623-0d5c-e79e1c4df1cd/mzaf_10865684061176121609.plus.aac.p.m4a,https://is1-ssl.mzstatic.com/image/thumb/Music122/v4/d3/b9/18/d3b918e4-9b60-68da-5d80-5e0f681ed47f/8809603541185_Cover.jpg/100x100bb.jpg,https://music.apple.com/kr/album/%EB%B0%94%EC%BD%94%EB%93%9C/1615701090?i=1615701453&uo=4
잠수이별,우원재 & 미노이,힙합,2022,0,music,KOR,KRW,https://audio-ssl.itunes.apple.com/itunes-assets/AudioPreview112/v4/cf/c1/fc/cfc1fc38-addc-b95b-072a-77e11d467135/mzaf_14707910915295966365.plus.aac.p.m4a,https://is1-ssl.mzstatic.com/image/thumb/Music122/v4/c2/1c/ea/c21ceaac-976d-4676-b065-684148f7ab7e/888272104479_Cover.jpg/100x100bb.jpg,https://music.apple.com/kr/album/%EC%9E%A0%EC%88%98%EC%9D%B4%EB%B3%84/1640178431?i=1640178619&uo=4
긴 꿈,새소년,록,2017,0,music,KOR,KRW,https://audio-ssl.itunes.apple.com/itunes-assets/AudioPreview115/v4/13/9a/f2/139af251-91f5-b4b5-b8ac-7ea4141f6e46/mzaf_9072693458988472151.plus.aac.p.m4a,https://is1-ssl.mzstatic.com/image/thumb/Music115/v4/f1/a9/41/f1a941bb-130d-9f75-be43-5f73389feb6a/8809380636494.jpg/100x100bb.jpg,https://music.apple.com/kr/album/%EA%B8%B4-%EA%BF%88/1450484183?i=1450484432&uo=4
TOMBOY,혁오,록,2017,0,music,KOR,KRW,https://audio-ssl.itunes.apple.com/itunes-assets/AudioPreview125/v4/ad/29/37/ad29372c-c958-aa39-6880-e0a6a0ef6fe8/mzaf_13418271251705317271.plus.aac.p.m4a,https://is1-ssl.mzstatic.com/image/thumb/Music124/v4/20/de/43/20de43fe-733e-3734-cab9-7bd787411260/Cover_HYUKOH_23.jpg/100x100bb.jpg,https://music.apple.com/kr/album/tomboy/1450778313?i=1450778317&uo=4
Ohio,혁오,록,2014,0,music,KOR,KRW,https://audio-ssl.itunes.apple.com/itunes-assets/AudioPreview115/v4/50/79/2d/50792da3-0877-24a9-8529-0bd3ee9b4e3e/mzaf_18392784247449327509.plus.aac.p.m4a,https://is1-ssl.mzstatic.com/image/thumb/Music115/v4/21/d2/d3/21d2d3e3-ea98-140a-ef2d-33beeb06889f/dj.hbgytaml.png/100x100bb.jpg,https://music.apple.com/kr/album/ohio/1450779334?i=1450779337&uo=4
Love Is All,검정치마,록,2017,0,music,KOR,KRW,https://audio-ssl.itunes.apple.com/itunes-assets/AudioPreview124/v4/6a/0c/5a/6a0c5ae5-61b1-3fd3-009e-a1b6e3670802/mzaf_4813443556901783498.plus.aac.p.m4a,https://is1-ssl.mzstatic.com/image/thumb/Music125/v4/be/ce/5c/bece5cff-2caf-6d8a-9c21-3035537d2a4d/Album_cover_1400X1400.jpg/100x100bb.jpg,https://music.apple.com/kr/album/love-is-all/1242154383?i=1242155570&uo=4
Home Sweet Home,카더가든,록,2017,0,music,KOR,KRW,https://audio-ssl.itunes.apple.com/itunes-assets/AudioPreview115/v4/98/3d/82/983d8215-5bc1-2985-4365-cb841ba5c324/mzaf_14321210734419357714.plus.aac.p.m4a,https://is1-ssl.mzstatic.com/image/thumb/Music115/v4/f2/9c/b0/f29cb0b6-ba14-6a2a-4988-c16ea735ff07/8809534468704.jpg/100x100bb.jpg,https://music.apple.com/kr/album/home-sweet-home/1546059203?i=1546059209&uo=4
꿈과 책과 힘과 벽,잔나비,록,2019,0,music,KOR,KRW,https://audio-ssl.itunes.apple.com/itunes-assets/AudioPreview221/v4/d7/6f/bb/d76fbb4b-2461-a9c9-1bd4-e7da4c5958f7/mzaf_516901413690275414.plus.aac.p.m4a,https://is1-ssl.mzstatic.com/image/thumb/Music125/v4/fc/a9/b2/fca9b2d4-b1ed-92e8-2e5f-1838d77cbce7/cover-_NEW.jpg/100x100bb.jpg,https://music.apple.com/kr/album/%EA%BF%88%EA%B3%BC-%EC%B1%85%EA%B3%BC-%ED%9E%98%EA%B3%BC-%EB%B2%BD/1456102975?i=1456103137&uo=4
Lonely Night,부활,록,2011,0,music,KOR,KRW,https://audio-ssl.itunes.apple.com/itunes-assets/AudioPreview115/v4/1f/64/7d/1f647d70-2e5b-7edc-07f5-7db97a5bb963/mzaf_18321626115112476199.plus.aac.p.m4a,https://is1-ssl.mzstatic.com/image/thumb/Music5/v4/e6/83/d2/e683d243-8159-c31e-f17c-2e5dd14732f9/boo.jpg/100x100bb.jpg,https://music.apple.com/kr/album/lonely-night/942369253?i=942369256&uo=4
뜨거운 여름밤은 가고 남은 건 볼품없지만,잔나비,록,2016,0,music,KOR,KRW,https://audio-ssl.itunes.apple.com/itunes-assets/AudioPreview221/v4/c3/43/de/c343def8-e0d9-a2db-2bea-7b466de9a89f/mzaf_17903610261490262800.plus.aac.p.m4a,https://is1-ssl.mzstatic.com/image/thumb/Music125/v4/30/d9/0b/30d90b00-84b7-4e9b-1452-823049e36d09/COVER-_JANNABI.jpg/100x100bb.jpg,https://music.apple.com/kr/album/%EB%9C%A8%EA%B1%B0%EC%9A%B4-%EC%97%AC%EB%A6%84%EB%B0%A4%EC%9D%80-%EA%B0%80%EA%B3%A0-%EB%82%A8%EC%9D%80-%EA%B1%B4-%EB%B3%BC%ED%92%88%EC%97%86%EC%A7%80%EB%A7%8C/1140706507?i=1140706729&uo=4
위잉위잉,혁오,록,2014,0,music,KOR,KRW,https://audio-ssl.itunes.apple.com/itunes-assets/AudioPreview125/v4/66/a9/99/66a99930-927f-66bb-b61a-1fd69c7bf1a5/mzaf_17475642276779808719.plus.aac.p.m4a,https://is1-ssl.mzstatic.com/image/thumb/Music115/v4/21/d2/d3/21d2d3e3-ea98-140a-ef2d-33beeb06889f/dj.hbgytaml.png/100x100bb.jpg,https://music.apple.com/kr/album/%EC%9C%84%EC%9E%89%EC%9C%84%EC%9E%89/1450779334?i=1450779338&uo=4
우리 애는요,잔나비,록,2019,0,music,KOR,KRW,https://audio-ssl.itunes.apple.com/itunes-assets/AudioPreview211/v4/7f/71/2b/7f712b41-c491-04a7-2045-d92427b01001/mzaf_9212054915575476705.plus.aac.p.m4a,https://is1-ssl.mzstatic.com/image/thumb/Music125/v4/fc/a9/b2/fca9b2d4-b1ed-92e8-2e5f-1838d77cbce7/cover-_NEW.jpg/100x100bb.jpg,https://music.apple.com/kr/album/%EC%9A%B0%EB%A6%AC-%EC%95%A0%EB%8A%94%EC%9A%94/1456102975?i=1456103130&uo=4
LOVE YA!,혁오,록,2018,0,music,KOR,KRW,https://audio-ssl.itunes.apple.com/itunes-assets/AudioPreview125/v4/72/d8/0e/72d80e74-2f7b-e0f3-6a83-f4407e907cdd/mzaf_10006266817442954665.plus.aac.p.m4a,https://is1-ssl.mzstatic.com/image/thumb/Music124/v4/00/5f/d2/005fd283-065a-2e34-7836-4657f78d1b48/HYUKOH_24_3000.jpg/100x100bb.jpg,https://music.apple.com/kr/album/love-ya/1556794313?i=1556794316&uo=4
EVERYTHING,검정치마,록,2016,0,music,KOR,KRW,https://audio-ssl.itunes.apple.com/itunes-assets/AudioPreview124/v4/37/c4/c0/37c4c06e-fc10-80b0-5484-97ddf03be83d/mzaf_16030927561900146145.plus.aac.p.m4a,https://is1-ssl.mzstatic.com/image/thumb/Music125/v4/be/ce/5c/bece5cff-2caf-6d8a-9c21-3035537d2a4d/Album_cover_1400X1400.jpg/100x100bb.jpg,https://music.apple.com/kr/album/everything/1242154383?i=1242155576&uo=4
나랑 아니면,검정치마,록,2017,0,music,KOR,KRW,https://audio-ssl.itunes.apple.com/itunes-assets/AudioPreview124/v4/b1/64/fc/b164fce1-893c-48ef-95cc-c3a2644a9f6b/mzaf_10903984594726473691.plus.aac.p.m4a,https://is1-ssl.mzstatic.com/image/thumb/Music125/v4/be/ce/5c/bece5cff-2caf-6d8a-9c21-3035537d2a4d/Album_cover_1400X1400.jpg/100x100bb.jpg,https://music.apple.com/kr/album/%EB%82%98%EB%9E%91-%EC%95%84%EB%8B%88%EB%A9%B4/1242154383?i=1242155574&uo=4
투게더!,잔나비,록,2019,0,music,KOR,KRW,https://audio-ssl.itunes.apple.com/itunes-assets/AudioPreview211/v4/60/56/42/60564255-e2a0-b5ed-eb66-69ae88f38875/mzaf_15497999820320399980.plus.aac.p.m4a,https://is1-ssl.mzstatic.com/image/thumb/Music125/v4/fc/a9/b2/fca9b2d4-b1ed-92e8-2e5f-1838d77cbce7/cover-_NEW.jpg/100x100bb.jpg,https://music.apple.com/kr/album/%ED%88%AC%EA%B2%8C%EB%8D%94/1456102975?i=1456103127&uo=4
외딴섬 로맨틱,잔나비,록,2021,0,music,KOR,KRW,https://audio-ssl.itunes.apple.com/itunes-assets/AudioPreview125/v4/ec/88/98/ec8898d6-3680-49ef-d469-abe98dbc96ba/mzaf_9193443271685242740.plus.aac.p.m4a,https://is1-ssl.mzstatic.com/image/thumb/Music115/v4/2f/92/25/2f922513-0da1-5c2d-2ee2-c9cbca86457e/2.jpg/100x100bb.jpg,https://music.apple.com/kr/album/%EC%99%B8%EB%94%B4%EC%84%AC-%EB%A1%9C%EB%A7%A8%ED%8B%B1/1578636382?i=1578636393&uo=4
내 고향 서울엔,검정치마,록,2016,0,music,KOR,KRW,https://audio-ssl.itunes.apple.com/itunes-assets/AudioPreview124/v4/42/af/a5/42afa589-1ef6-d930-510f-90f6e5f85f9b/mzaf_15245984289621932309.plus.aac.p.m4a,https://is1-ssl.mzstatic.com/image/thumb/Music125/v4/be/ce/5c/bece5cff-2caf-6d8a-9c21-3035537d2a4d/Album_cover_1400X1400.jpg/100x100bb.jpg,https://music.apple.com/kr/album/%EB%82%B4-%EA%B3%A0%ED%96%A5-%EC%84%9C%EC%9A%B8%EC%97%94/1242154383?i=1242155571&uo=4
벚꽃 엔딩,버스커버스커,록,2012,0,music,KOR,KRW,https://audio-ssl.itunes.apple.com/itunes-assets/AudioPreview115/v4/51/29/f4/5129f4ff-6ea4-a00a-a11b-c911713d9d70/mzaf_10819770660885468929.plus.aac.p.m4a,https://is1-ssl.mzstatic.com/image/thumb/Music115/v4/43/d8/6f/43d86fe5-632a-8226-be7c-7b5dee99a461/08809309174588_Cover.jpg/100x100bb.jpg,https://music.apple.com/kr/album/%EB%B2%9A%EA%BD%83-%EC%97%94%EB%94%A9/1570571992?i=1570572282&uo=4
섬으로 가요 (Feat. 오혁),카더가든,록,2017,0,music,KOR,KRW,https://audio-ssl.itunes.apple.com/itunes-assets/AudioPreview125/v4/8e/3f/a7/8e3fa750-2363-61ee-6815-bd6698a77e3a/mzaf_7163688820440498799.plus.aac.p.m4a,https://is1-ssl.mzstatic.com/image/thumb/Music115/v4/f2/9c/b0/f29cb0b6-ba14-6a2a-4988-c16ea735ff07/8809534468704.jpg/100x100bb.jpg,https://music.apple.com/kr/album/%EC%84%AC%EC%9C%BC%EB%A1%9C-%EA%B0%80%EC%9A%94-feat-%EC%98%A4%ED%98%81/1546059203?i=1546059205&uo=4
혜야,검정치마,록,2017,0,music,KOR,KRW,https://audio-ssl.itunes.apple.com/itunes-assets/AudioPreview124/v4/94/a4/ce/94a4cec8-3a34-72ed-1757-4edd34351781/mzaf_16628691119668061381.plus.aac.p.m4a,https://is1-ssl.mzstatic.com/image/thumb/Music125/v4/be/ce/5c/bece5cff-2caf-6d8a-9c21-3035537d2a4d/Album_cover_1400X1400.jpg/100x100bb.jpg,https://music.apple.com/kr/album/%ED%98%9C%EC%95%BC/1242154383?i=1242155575&uo=4
꽃송이가,버스커버스커,록,2012,0,music,KOR,KRW,https://audio-ssl.itunes.apple.com/itunes-assets/AudioPreview115/v4/b1/c8/9f/b1c89f62-4aa1-cd42-b133-6f82d94a2780/mzaf_15494905415628063229.plus.aac.p.m4a,https://is1-ssl.mzstatic.com/image/thumb/Music115/v4/43/d8/6f/43d86fe5-632a-8226-be7c-7b5dee99a461/08809309174588_Cover.jpg/100x100bb.jpg,https://music.apple.com/kr/album/%EA%BD%83%EC%86%A1%EC%9D%B4%EA%B0%80/1570571992?i=1570572505&uo=4
See Your Eyes,잔나비,록,2014,0,music,KOR,KRW,https://audio-ssl.itunes.apple.com/itunes-assets/AudioPreview115/v4/67/48/00/67480032-17e0-0b2b-6855-fe3b0320ec09/mzaf_9926389706411513374.plus.aac.p.m4a,https://is1-ssl.mzstatic.com/image/thumb/Music114/v4/06/80/d2/0680d255-e3fa-0077-5d53-59827f64663b/cover-_See_Your_Eyes_NEW.jpg/100x100bb.jpg,https://music.apple.com/kr/album/see-your-eyes/1466698639?i=1466698641&uo=4
여수 밤바다,버스커버스커,록,2012,0,music,KOR,KRW,https://audio-ssl.itunes.apple.com/itunes-assets/AudioPreview125/v4/2c/c6/06/2cc606ec-13d9-1858-9f23-302e6e48aba8/mzaf_2941182396372167051.plus.aac.p.m4a,https://is1-ssl.mzstatic.com/image/thumb/Music115/v4/43/d8/6f/43d86fe5-632a-8226-be7c-7b5dee99a461/08809309174588_Cover.jpg/100x100bb.jpg,https://music.apple.com/kr/album/%EC%97%AC%EC%88%98-%EB%B0%A4%EB%B0%94%EB%8B%A4/1570571992?i=1570572212&uo=4
November Rain,잔나비,록,2014,0,music,KOR,KRW,https://audio-ssl.itunes.apple.com/itunes-assets/AudioPreview115/v4/cd/d6/66/cdd6661e-5fd0-dadb-d812-3992943e8739/mzaf_5176382656581350831.plus.aac.p.m4a,https://is1-ssl.mzstatic.com/image/thumb/Music114/v4/06/80/d2/0680d255-e3fa-0077-5d53-59827f64663b/cover-_See_Your_Eyes_NEW.jpg/100x100bb.jpg,https://music.apple.com/kr/album/november-rain/1466698639?i=1466698643&uo=4
You make Me,데이식스,록,2021,0,music,KOR,KRW,https://audio-ssl.itunes.apple.com/itunes-assets/AudioPreview114/v4/4c/72/f2/4c72f2b1-25b7-497c-58ec-a8ee017a8f82/mzaf_4886366638429697373.plus.aac.p.m4a,https://is1-ssl.mzstatic.com/image/thumb/Music115/v4/66/12/66/6612661e-55fc-f99a-4cdb-f474b5247594/DAY6_Negentropy.jpg/100x100bb.jpg,https://music.apple.com/kr/album/you-make-me/1562070594?i=1562070597&uo=4
Together,카더가든,록,2017,0,music,KOR,KRW,https://audio-ssl.itunes.apple.com/itunes-assets/AudioPreview125/v4/57/79/48/577948cc-e9fe-3757-7d0a-65eeb2323c0d/mzaf_897597622484295217.plus.aac.p.m4a,https://is1-ssl.mzstatic.com/image/thumb/Music115/v4/f2/9c/b0/f29cb0b6-ba14-6a2a-4988-c16ea735ff07/8809534468704.jpg/100x100bb.jpg,https://music.apple.com/kr/album/together/1546059203?i=1546059277&uo=4
꿈나라 별나라,잔나비,록,2016,0,music,KOR,KRW,https://audio-ssl.itunes.apple.com/itunes-assets/AudioPreview221/v4/fa/08/db/fa08dba9-4cc2-7080-3a0c-2af975569da7/mzaf_17628652044529867636.plus.aac.p.m4a,https://is1-ssl.mzstatic.com/image/thumb/Music125/v4/30/d9/0b/30d90b00-84b7-4e9b-1452-823049e36d09/COVER-_JANNABI.jpg/100x100bb.jpg,https://music.apple.com/kr/album/%EA%BF%88%EB%82%98%EB%9D%BC-%EB%B3%84%EB%82%98%EB%9D%BC/1140706507?i=1140706738&uo=4
Big Love,검정치마,록,2017,0,music,KOR,KRW,https://audio-ssl.itunes.apple.com/itunes-assets/AudioPreview124/v4/86/9e/3d/869e3d13-2ad2-8cd9-4ffe-e38779183e13/mzaf_3844291405444919387.plus.aac.p.m4a,https://is1-ssl.mzstatic.com/image/thumb/Music125/v4/be/ce/5c/bece5cff-2caf-6d8a-9c21-3035537d2a4d/Album_cover_1400X1400.jpg/100x100bb.jpg,https://music.apple.com/kr/album/big-love/1242154383?i=1242155568&uo=4
Healer,데이식스,록,2021,0,music,KOR,KRW,https://audio-ssl.itunes.apple.com/itunes-assets/AudioPreview124/v4/72/3d/7f/723d7f1a-1f15-f30a-7f97-620f76523b0d/mzaf_8879242909760008996.plus.aac.p.m4a,https://is1-ssl.mzstatic.com/image/thumb/Music115/v4/66/12/66/6612661e-55fc-f99a-4cdb-f474b5247594/DAY6_Negentropy.jpg/100x100bb.jpg,https://music.apple.com/kr/album/healer/1562070594?i=1562070598&uo=4
Paul,혁오,록,2017,0,music,KOR,KRW,https://audio-ssl.itunes.apple.com/itunes-assets/AudioPreview125/v4/51/27/0a/51270a1a-9103-30de-b77c-df1c0d9d7fbb/mzaf_13267308723582158179.plus.aac.p.m4a,https://is1-ssl.mzstatic.com/image/thumb/Music124/v4/20/de/43/20de43fe-733e-3734-cab9-7bd787411260/Cover_HYUKOH_23.jpg/100x100bb.jpg,https://music.apple.com/kr/album/paul/1450778313?i=1450778324&uo=4
폭죽과 풍선들,검정치마,록,2017,0,music,KOR,KRW,https://audio-ssl.itunes.apple.com/itunes-assets/AudioPreview124/v4/7b/58/b3/7b58b346-f7d1-e847-17a5-26b8f381173c/mzaf_15653376792628646795.plus.aac.p.m4a,https://is1-ssl.mzstatic.com/image/thumb/Music125/v4/be/ce/5c/bece5cff-2caf-6d8a-9c21-3035537d2a4d/Album_cover_1400X1400.jpg/100x100bb.jpg,https://music.apple.com/kr/album/%ED%8F%AD%EC%A3%BD%EA%B3%BC-%ED%92%8D%EC%84%A0%EB%93%A4/1242154383?i=1242155572&uo=4
시간을 달리네,한로로,인디,2025,0,music,KOR,KRW,https://audio-ssl.itunes.apple.com/itunes-assets/AudioPreview211/v4/6a/47/83/6a4783d7-1380-a8c2-cb78-82397f394e4a/mzaf_316973051176194522.plus.aac.p.m4a,https://is1-ssl.mzstatic.com/image/thumb/Music211/v4/c8/a4/c6/c8a4c64f-89b3-9ef2-473f-4ad423a03c5b/887928030421.jpg/100x100bb.jpg,https://music.apple.com/kr/album/%EC%8B%9C%EA%B0%84%EC%9D%84-%EB%8B%AC%EB%A6%AC%EB%84%A4/1828393588?i=1828393597&uo=4
사랑의이름으로! (feat. 카리나),잔나비,인디,2025,0,music,KOR,KRW,https://audio-ssl.itunes.apple.com/itunes-assets/AudioPreview211/v4/56/58/d5/5658d51e-e5b2-7ac1-1930-447782fe84af/mzaf_8506186453029946985.plus.aac.p.m4a,https://is1-ssl.mzstatic.com/image/thumb/Music211/v4/b4/7b/07/b47b0777-b5f0-0597-e4c1-23533fc182f0/cover_KM0022631_1.jpg/100x100bb.jpg,https://music.apple.com/kr/album/%EC%82%AC%EB%9E%91%EC%9D%98%EC%9D%B4%EB%A6%84%EC%9C%BC%EB%A1%9C-feat-%EC%B9%B4%EB%A6%AC%EB%82%98/1810135874?i=1810135878&uo=4
Think About You,"파테코, Jayci yucca & 키드 와인",인디,2021,0,music,KOR,KRW,https://audio-ssl.itunes.apple.com/itunes-assets/AudioPreview125/v4/23/a2/aa/23a2aa73-f526-3ec2-72d7-1e7d86440118/mzaf_2639598653452795627.plus.aac.p.m4a,https://is1-ssl.mzstatic.com/image/thumb/Music125/v4/46/43/9c/46439c76-be08-b9df-11f4-f9760086d42a/PATEKO_Jayci_Yucca_Kid_Wine.jpg/100x100bb.jpg,https://music.apple.com/kr/album/think-about-you/1578150877?i=1578150879&uo=4
나랑 도망가자,밍기뉴,인디,2021,0,music,KOR,KRW,https://audio-ssl.itunes.apple.com/itunes-assets/AudioPreview115/v4/3e/d5/c6/3ed5c66e-7a99-f37e-83ed-d018929fe0c0/mzaf_720340988722904197.plus.aac.p.m4a,https://is1-ssl.mzstatic.com/image/thumb/Music125/v4/b2/25/c5/b225c57e-11e1-b7cb-2296-af4d0f53a7a5/8809829743431.jpg/100x100bb.jpg,https://music.apple.com/kr/album/%EB%82%98%EB%9E%91-%EB%8F%84%EB%A7%9D%EA%B0%80%EC%9E%90/1583179911?i=1583179993&uo=4
형,노라조,인디,2009,0,music,KOR,KRW,https://audio-ssl.itunes.apple.com/itunes-assets/AudioPreview125/v4/ca/fd/23/cafd23a6-943a-9d40-5e90-e50950355b91/mzaf_2007751710530781826.plus.aac.p.m4a,https://is1-ssl.mzstatic.com/image/thumb/Music124/v4/c6/da/45/c6da4570-5177-337f-8452-d1121bf6ec8c/KA0042264.jpg/100x100bb.jpg,https://music.apple.com/kr/album/%ED%98%95/804608681?i=804608682&uo=4
불세례,검정치마,인디,2022,0,music,KOR,KRW,https://audio-ssl.itunes.apple.com/itunes-assets/AudioPreview122/v4/e1/c7/6e/e1c76ec4-0952-80e8-02fd-870ff408a6fb/mzaf_15188612600256990756.plus.aac.p.m4a,https://is1-ssl.mzstatic.com/image/thumb/Music112/v4/33/f1/f3/33f1f3d4-c3b9-6528-cc99-ee7215dc1d12/TEEN_TROUBLES.jpg/100x100bb.jpg,https://music.apple.com/kr/album/%EB%B6%88%EC%84%B8%EB%A1%80/1644821406?i=1644821409&uo=4
ㅈㅣㅂ,한로로,인디,2024,0,music,KOR,KRW,https://audio-ssl.itunes.apple.com/itunes-assets/AudioPreview211/v4/b4/fe/5e/b4fe5eac-a1b7-f7e6-2888-a7b340173ee6/mzaf_12110544699452972149.plus.aac.p.m4a,https://is1-ssl.mzstatic.com/image/thumb/Music211/v4/a6/00/3f/a6003f33-a90e-ed03-3c2f-44d31b5f59f8/8800242663962.jpg/100x100bb.jpg,https://music.apple.com/kr/album/%E3%85%88%E3%85%A3%E3%85%82/1747512690?i=1747512698&uo=4
산책,GongGongGoo009,인디,2022,0,music,KOR,KRW,https://audio-ssl.itunes.apple.com/itunes-assets/AudioPreview122/v4/5f/f9/3a/5ff93a12-9640-6c0a-3d98-95739a6bfbd8/mzaf_11532505662614965470.plus.aac.p.m4a,https://is1-ssl.mzstatic.com/image/thumb/Music112/v4/25/2a/2d/252a2d7d-3d46-83f9-0bbf-b9817a45d6b8/8809851794630.jpg/100x100bb.jpg,https://music.apple.com/kr/album/%EC%82%B0%EC%B1%85/1616816330?i=1616816336&uo=4
밤양갱,비비,인디,2024,0,music,KOR,KRW,https://audio-ssl.itunes.apple.com/itunes-assets/AudioPreview221/v4/b1/f5/5c/b1f55c57-76ee-524f-35b3-ba046034ac9e/mzaf_17010912782387954876.plus.aac.p.m4a,https://is1-ssl.mzstatic.com/image/thumb/Music116/v4/ba/31/d6/ba31d644-bb34-1e4c-5600-c403b83159ef/cover_KM0019491_1.png/100x100bb.jpg,https://music.apple.com/kr/album/%EB%B0%A4%EC%96%91%EA%B0%B1/1729547610?i=1729547611&uo=4
if i die (feat. ASH ISLAND),스키니 브라운,인디,2020,0,music,KOR,KRW,https://audio-ssl.itunes.apple.com/itunes-assets/AudioPreview124/v4/c8/fa/30/c8fa3074-b863-1475-4a19-4b7afb9e4125/mzaf_15142092851623502779.plus.aac.p.m4a,https://is1-ssl.mzstatic.com/image/thumb/Music114/v4/65/45/30/65453075-7b1f-f97b-ea8f-0d9c17fa559f/443.jpg/100x100bb.jpg,https://music.apple.com/kr/album/if-i-die-feat-ash-island/1559672120?i=1559672122&uo=4
너의 로맨스에 내 이름을 써줘,백사,인디,2021,0,music,KOR,KRW,https://audio-ssl.itunes.apple.com/itunes-assets/AudioPreview221/v4/a4/4c/d5/a44cd5eb-f517-3835-111f-535222936d4a/mzaf_5716872880012475822.plus.aac.p.m4a,https://is1-ssl.mzstatic.com/image/thumb/Music221/v4/d3/28/cb/d328cb52-94a6-b8cf-e6ef-04b428731c61/8809829785912_cover.jpg/100x100bb.jpg,https://music.apple.com/kr/album/%EB%84%88%EC%9D%98-%EB%A1%9C%EB%A7%A8%EC%8A%A4%EC%97%90-%EB%82%B4-%EC%9D%B4%EB%A6%84%EC%9D%84-%EC%8D%A8%EC%A4%98/1864282700?i=1864282701&uo=4
아침만 남겨주고,김현창,인디,2020,0,music,KOR,KRW,https://audio-ssl.itunes.apple.com/itunes-assets/AudioPreview125/v4/99/3d/38/993d38fd-6021-9196-e35f-7c74e8801976/mzaf_10835439623038750528.plus.aac.p.m4a,https://is1-ssl.mzstatic.com/image/thumb/Music115/v4/f7/66/83/f76683ce-a711-4899-27d5-8ec9e05da82f/190560027255.jpg/100x100bb.jpg,https://music.apple.com/kr/album/%EC%95%84%EC%B9%A8%EB%A7%8C-%EB%82%A8%EA%B2%A8%EC%A3%BC%EA%B3%A0/1575150340?i=1575150344&uo=4
Yes or No (feat. HUH YUNJIN & Crush),그루비룸,인디,2024,0,music,KOR,KRW,https://audio-ssl.itunes.apple.com/itunes-assets/AudioPreview221/v4/c6/09/03/c60903ab-73da-6ac1-11a1-04703c18c8fe/mzaf_9449937461700804012.plus.aac.p.m4a,https://is1-ssl.mzstatic.com/image/thumb/Music126/v4/17/5d/2e/175d2e28-2874-baf9-6996-a4f20dfb0ac1/cover_KM0019379_1.jpg/100x100bb.jpg,https://music.apple.com/kr/album/yes-or-no-feat-huh-yunjin-crush/1726103756?i=1726103757&uo=4
잘 지내길 바래,김승민,인디,2023,0,music,KOR,KRW,https://audio-ssl.itunes.apple.com/itunes-assets/AudioPreview113/v4/3e/7a/0a/3e7a0a98-0280-158c-bfd5-fab8e4651142/mzaf_4595865751156695429.plus.aac.p.m4a,https://is1-ssl.mzstatic.com/image/thumb/Music113/v4/36/1e/f0/361ef0ae-ad89-1c71-e5be-6862eaf34d69/Double-sidedness.jpg/100x100bb.jpg,https://music.apple.com/kr/album/%EC%9E%98-%EC%A7%80%EB%82%B4%EA%B8%B8-%EB%B0%94%EB%9E%98/1664711698?i=1664711708&uo=4
서툰 이별을 하려해 (feat. 전상근),윤토벤,인디,2019,0,music,KOR,KRW,https://audio-ssl.itunes.apple.com/itunes-assets/AudioPreview125/v4/85/91/67/85916782-1776-3801-0b16-6c86a6b41c82/mzaf_10550844639436310949.plus.aac.p.m4a,https://is1-ssl.mzstatic.com/image/thumb/Music123/v4/98/26/44/9826444e-11f4-96dc-639e-64632cae4bcc/8718857524410.png/100x100bb.jpg,https://music.apple.com/kr/album/%EC%84%9C%ED%88%B0-%EC%9D%B4%EB%B3%84%EC%9D%84-%ED%95%98%EB%A0%A4%ED%95%B4-feat-%EC%A0%84%EC%83%81%EA%B7%BC/1481337408?i=1481337409&uo=4
그대 없는 밤에 (feat. Jeon Sang Geun),에이치코드,인디,2019,0,music,KOR,KRW,https://audio-ssl.itunes.apple.com/itunes-assets/AudioPreview115/v4/62/dc/2b/62dc2bc8-f40d-4ca8-5b48-8aacbbc26ef7/mzaf_3482687280245362235.plus.aac.p.m4a,https://is1-ssl.mzstatic.com/image/thumb/Music114/v4/90/38/5e/90385e66-3cf6-4759-cd99-5ba749e21313/8809638711652.jpg/100x100bb.jpg,https://music.apple.com/kr/album/%EA%B7%B8%EB%8C%80-%EC%97%86%EB%8A%94-%EB%B0%A4%EC%97%90-feat-jeon-sang-geun/1539261815?i=1539262026&uo=4
It's Gone,"파테코, Jayci yucca & 키드 와인",인디,2021,0,music,KOR,KRW,https://audio-ssl.itunes.apple.com/itunes-assets/AudioPreview115/v4/85/d6/7b/85d67b06-4c6b-33ce-53a2-784c5446c565/mzaf_5901943786963575479.plus.aac.p.m4a,https://is1-ssl.mzstatic.com/image/thumb/Music125/v4/46/43/9c/46439c76-be08-b9df-11f4-f9760086d42a/PATEKO_Jayci_Yucca_Kid_Wine.jpg/100x100bb.jpg,https://music.apple.com/kr/album/its-gone/1578150877?i=1578150878&uo=4
불안한 내 맘 달랠 곳은 너밖에 없어,예빛,인디,2024,0,music,KOR,KRW,https://audio-ssl.itunes.apple.com/itunes-assets/AudioPreview126/v4/24/1d/ef/241defa2-f134-4ec9-49e3-75e0459a1bdc/mzaf_17811089555981390141.plus.aac.p.m4a,https://is1-ssl.mzstatic.com/image/thumb/Music126/v4/36/52/e7/3652e72c-7cf2-e48f-3300-5d464f801366/c.jpg/100x100bb.jpg,https://music.apple.com/kr/album/%EB%B6%88%EC%95%88%ED%95%9C-%EB%82%B4-%EB%A7%98-%EB%8B%AC%EB%9E%A0-%EA%B3%B3%EC%9D%80-%EB%84%88%EB%B0%96%EC%97%90-%EC%97%86%EC%96%B4/1730849271?i=1730849272&uo=4
시간과 흔적,하현상,인디,2023,0,music,KOR,KRW,https://audio-ssl.itunes.apple.com/itunes-assets/AudioPreview116/v4/8e/69/10/8e69105e-ddbf-db1a-35a9-62dc0bdf9c03/mzaf_964348860193342684.plus.aac.p.m4a,https://is1-ssl.mzstatic.com/image/thumb/Music126/v4/43/64/18/4364186c-d01f-00ba-bbc0-57001402e090/888272116274_Cover.jpg/100x100bb.jpg,https://music.apple.com/kr/album/%EC%8B%9C%EA%B0%84%EA%B3%BC-%ED%9D%94%EC%A0%81/1683469043?i=1683469056&uo=4
멸종,쏜애플,인디,2023,0,music,KOR,KRW,https://audio-ssl.itunes.apple.com/itunes-assets/AudioPreview211/v4/55/56/23/555623a2-2e25-3d80-3a34-de9e95cb9ebc/mzaf_1053503626830024187.plus.aac.p.m4a,https://is1-ssl.mzstatic.com/image/thumb/Music116/v4/fb/27/a8/fb27a81a-9e52-091a-fcd9-6bc4cbe8704b/8809381231902.jpg/100x100bb.jpg,https://music.apple.com/kr/album/%EB%A9%B8%EC%A2%85/1703954487?i=1703954489&uo=4
나침반,한로로,인디,2024,0,music,KOR,KRW,https://audio-ssl.itunes.apple.com/itunes-assets/AudioPreview221/v4/35/08/8b/35088b22-b11d-afc5-4301-43f6c3ed822a/mzaf_9857697005447994068.plus.aac.p.m4a,https://is1-ssl.mzstatic.com/image/thumb/Music221/v4/1a/f1/e6/1af1e6e3-8bcd-8433-0fdc-441e50c22f11/8800283951097.jpg/100x100bb.jpg,https://music.apple.com/kr/album/%EB%82%98%EC%B9%A8%EB%B0%98/1775646561?i=1775646562&uo=4
When You Miss Me,파테코 & 키드 와인,인디,2023,0,music,KOR,KRW,https://audio-ssl.itunes.apple.com/itunes-assets/AudioPreview126/v4/a8/74/16/a87416cb-23b2-fd5c-9808-7b5bb53fb5d7/mzaf_6624870313416972346.plus.aac.p.m4a,https://is1-ssl.mzstatic.com/image/thumb/Music116/v4/50/01/cb/5001cb01-b994-6458-200f-e07a79c0a023/Patek_on_Wine.jpg/100x100bb.jpg,https://music.apple.com/kr/album/when-you-miss-me/1689187081?i=1689187087&uo=4
WHY? (feat. AISH),장예찬,인디,2024,0,music,KOR,KRW,https://audio-ssl.itunes.apple.com/itunes-assets/AudioPreview116/v4/b7/d4/e9/b7d4e947-0906-99e5-1f84-7a146647f9e7/mzaf_10537475683877231493.plus.aac.p.m4a,https://is1-ssl.mzstatic.com/image/thumb/Music116/v4/ea/b6/b9/eab6b99a-2b03-d4f1-9a58-aaa7a1468a17/8800243591004.jpg/100x100bb.jpg,https://music.apple.com/kr/album/why-feat-aish/1730884392?i=1730884395&uo=4
죽지 않은 연인에게,데이먼스 이어,인디,2024,0,music,KOR,KRW,https://audio-ssl.itunes.apple.com/itunes-assets/AudioPreview211/v4/fc/b4/0d/fcb40d50-9aec-ab18-b2be-b35d654a6da3/mzaf_3348332941658677211.plus.aac.p.m4a,https://is1-ssl.mzstatic.com/image/thumb/Music221/v4/1e/6e/25/1e6e25ed-987e-e2ff-2206-1f3a13e4c9e1/5021732395788.jpg/100x100bb.jpg,https://music.apple.com/kr/album/%EC%A3%BD%EC%A7%80-%EC%95%8A%EC%9D%80-%EC%97%B0%EC%9D%B8%EC%97%90%EA%B2%8C/1748960914?i=1748960915&uo=4
BIG BIRD (feat. youra),오존 & 카더가든,인디,2025,0,music,KOR,KRW,https://audio-ssl.itunes.apple.com/itunes-assets/AudioPreview211/v4/44/fc/e2/44fce267-c85f-c076-bdf8-ed4de5395c45/mzaf_9329479967412425014.plus.aac.p.m4a,https://is1-ssl.mzstatic.com/image/thumb/Music211/v4/61/be/68/61be6804-fabe-6877-1be5-a1604876aeba/cover_KM0023039_1.jpg/100x100bb.jpg,https://music.apple.com/kr/album/big-bird-feat-youra/1820330003?i=1820330396&uo=4
심해,신지훈,인디,2022,0,music,KOR,KRW,https://audio-ssl.itunes.apple.com/itunes-assets/AudioPreview211/v4/ba/56/be/ba56beda-28d4-6662-326c-bd3118b4d95d/mzaf_6179832240356804981.plus.aac.p.m4a,https://is1-ssl.mzstatic.com/image/thumb/Music221/v4/30/d2/65/30d2657d-6853-1e0a-23bc-e7e4ccfec4eb/888272098075.jpg/100x100bb.jpg,https://music.apple.com/kr/album/%EC%8B%AC%ED%95%B4/1621663292?i=1621663537&uo=4
고백,정준일,인디,2014,0,music,KOR,KRW,https://audio-ssl.itunes.apple.com/itunes-assets/AudioPreview114/v4/24/4d/9a/244d9adf-07db-cba6-cc51-cd0814c88fb3/mzaf_2859741718946370352.plus.aac.p.m4a,https://is1-ssl.mzstatic.com/image/thumb/Music124/v4/b5/a0/39/b5a039b9-93b1-3c10-23e0-37c0fd82e075/8809419985296.jpg/100x100bb.jpg,https://music.apple.com/kr/album/%EA%B3%A0%EB%B0%B1/1558967958?i=1558967973&uo=4
작은 날,"파테코, Jayci yucca & 키드 와인",인디,2022,0,music,KOR,KRW,https://audio-ssl.itunes.apple.com/itunes-assets/AudioPreview211/v4/d6/4f/97/d64f9703-ac19-35ca-8134-06bda476f2e2/mzaf_14733766082445168100.plus.aac.p.m4a,https://is1-ssl.mzstatic.com/image/thumb/Music123/v4/fb/15/3b/fb153b25-260e-f18c-251a-7948881c605d/Kid_Wine.jpg/100x100bb.jpg,https://music.apple.com/kr/album/%EC%9E%91%EC%9D%80-%EB%82%A0/1661732759?i=1661732760&uo=4
No Blueberries (feat. DPR LIVE & CL),DPR IAN,인디,2020,0,music,KOR,KRW,https://audio-ssl.itunes.apple.com/itunes-assets/AudioPreview125/v4/7e/9d/59/7e9d5978-1d7e-68a3-f670-e8e4c2041cc3/mzaf_4990043146296347997.plus.aac.p.m4a,https://is1-ssl.mzstatic.com/image/thumb/Music115/v4/1b/15/8d/1b158d77-f9bf-17c7-0161-cfc3a76ab227/195497760831.jpg/100x100bb.jpg,https://music.apple.com/kr/album/no-blueberries-feat-dpr-live-cl/1543916738?i=1543916739&uo=4
가끔 미치도록 네가 안고 싶어질 때가 있어,가을방학,인디,2010,0,music,KOR,KRW,https://audio-ssl.itunes.apple.com/itunes-assets/AudioPreview125/v4/88/c9/af/88c9afa7-f3ac-d856-219a-5dfa6c8c3de8/mzaf_5449448635730821062.plus.aac.p.m4a,https://is1-ssl.mzstatic.com/image/thumb/Music124/v4/df/a3/ad/dfa3adbb-8a56-d9c8-daad-b38d91bc9423/8806197948451.jpg/100x100bb.jpg,https://music.apple.com/kr/album/%EA%B0%80%EB%81%94-%EB%AF%B8%EC%B9%98%EB%8F%84%EB%A1%9D-%EB%84%A4%EA%B0%80-%EC%95%88%EA%B3%A0-%EC%8B%B6%EC%96%B4%EC%A7%88-%EB%95%8C%EA%B0%80-%EC%9E%88%EC%96%B4/1539663354?i=1539663360&uo=4
